-- Sentencia:
INSERT INTO Usuario ( nombre, contrasenya ) VALUES ( 'admin', 'admin' );

-- Sentencia:
INSERT INTO Usuario ( nombre, contrasenya ) VALUES ( 'noadmin', 'noadmin' );

-- Sentencia:
INSERT INTO Grupo ( nombre, descripcion ) VALUES ( 'grupo de administradores', 'Se encarga de administrar globalmente los usuarios, grupos y permisos de la aplicación' );

-- Sentencia:
INSERT INTO Grupo_de_usuario ( id_grupo, id_usuario ) VALUES ( '1', '1' );

-- Sentencia:
INSERT INTO Permiso ( nombre, descripcion ) VALUES ( 'permiso de administración', 'Permite administrar globalmente los usuarios, grupos y permisos de la aplicación, y representa el permiso máximo en la aplicación' );

-- Sentencia:
INSERT INTO Permiso_de_grupo ( id_grupo, id_permiso ) VALUES ( '1', '1' );






--------------------------------------------------------------------------------------------------------

---- Migracion generada 



-- Sentencia:
INSERT INTO Votacion_de_asamblea(fecha_de_creacion, fecha_de_finalizacion, estado) VALUES(
    '2023-01-05 10:30',
    '2023-01-25 10:30',
    'Problemas'
);

-- Sentencia:
INSERT INTO Votacion_de_asamblea(fecha_de_creacion, fecha_de_finalizacion, estado) VALUES(
    '2023-01-05 10:30',
    '2023-01-25 10:30',
    'Inactivo'
);

-- Sentencia:
INSERT INTO Votacion_de_asamblea(fecha_de_creacion, fecha_de_finalizacion, estado) VALUES(
    '2023-01-05 10:30',
    '2023-01-25 10:30',
    'Problemas'
);

-- Sentencia:
INSERT INTO Votacion_de_asamblea(fecha_de_creacion, fecha_de_finalizacion, estado) VALUES(
    '2023-01-05 10:30',
    '2023-01-25 10:30',
    'Inactivo'
);

-- Sentencia:
INSERT INTO Votacion_de_asamblea(fecha_de_creacion, fecha_de_finalizacion, estado) VALUES(
    '2023-01-05 10:30',
    '2023-01-25 10:30',
    'Problemas'
);

-- Sentencia:
INSERT INTO Votacion_de_asamblea(fecha_de_creacion, fecha_de_finalizacion, estado) VALUES(
    '2023-01-05 10:30',
    '2023-01-25 10:30',
    'Inactivo'
);

-- Sentencia:
INSERT INTO Votacion_de_asamblea(fecha_de_creacion, fecha_de_finalizacion, estado) VALUES(
    '2023-01-05 10:30',
    '2023-01-25 10:30',
    'Problemas'
);

-- Sentencia:
INSERT INTO Votacion_de_asamblea(fecha_de_creacion, fecha_de_finalizacion, estado) VALUES(
    '2023-01-05 10:30',
    '2023-01-25 10:30',
    'Inactivo'
);

-- Sentencia:
INSERT INTO Votacion_de_asamblea(fecha_de_creacion, fecha_de_finalizacion, estado) VALUES(
    '2023-01-05 10:30',
    '2023-01-25 10:30',
    'Problemas'
);

-- Sentencia:
INSERT INTO Votacion_de_asamblea(fecha_de_creacion, fecha_de_finalizacion, estado) VALUES(
    '2023-01-05 10:30',
    '2023-01-25 10:30',
    'Inactivo'
);

-- Sentencia:
INSERT INTO Votacion_de_asamblea(fecha_de_creacion, fecha_de_finalizacion, estado) VALUES(
    '2023-01-05 10:30',
    '2023-01-25 10:30',
    'Problemas'
);

-- Sentencia:
INSERT INTO Votacion_de_asamblea(fecha_de_creacion, fecha_de_finalizacion, estado) VALUES(
    '2023-01-05 10:30',
    '2023-01-25 10:30',
    'Inactivo'
);

-- Sentencia:
INSERT INTO Votacion_de_asamblea(fecha_de_creacion, fecha_de_finalizacion, estado) VALUES(
    '2023-01-05 10:30',
    '2023-01-25 10:30',
    'Problemas'
);

-- Sentencia:
INSERT INTO Votacion_de_asamblea(fecha_de_creacion, fecha_de_finalizacion, estado) VALUES(
    '2023-01-05 10:30',
    '2023-01-25 10:30',
    'Inactivo'
);

-- Sentencia:
INSERT INTO Votacion_de_asamblea(fecha_de_creacion, fecha_de_finalizacion, estado) VALUES(
    '2023-01-05 10:30',
    '2023-01-25 10:30',
    'Problemas'
);

-- Sentencia:
INSERT INTO Votacion_de_asamblea(fecha_de_creacion, fecha_de_finalizacion, estado) VALUES(
    '2023-01-05 10:30',
    '2023-01-25 10:30',
    'Inactivo'
);

-- Sentencia:
INSERT INTO Votacion_de_asamblea(fecha_de_creacion, fecha_de_finalizacion, estado) VALUES(
    '2023-01-05 10:30',
    '2023-01-25 10:30',
    'Problemas'
);

-- Sentencia:
INSERT INTO Votacion_de_asamblea(fecha_de_creacion, fecha_de_finalizacion, estado) VALUES(
    '2023-01-05 10:30',
    '2023-01-25 10:30',
    'Inactivo'
);

-- Sentencia:
INSERT INTO Votacion_de_asamblea(fecha_de_creacion, fecha_de_finalizacion, estado) VALUES(
    '2023-01-05 10:30',
    '2023-01-25 10:30',
    'Problemas'
);

-- Sentencia:
INSERT INTO Votacion_de_asamblea(fecha_de_creacion, fecha_de_finalizacion, estado) VALUES(
    '2023-01-05 10:30',
    '2023-01-25 10:30',
    'Inactivo'
);

-- Sentencia:
INSERT INTO Votacion_de_asamblea(fecha_de_creacion, fecha_de_finalizacion, estado) VALUES(
    '2023-01-05 10:30',
    '2023-01-25 10:30',
    'Problemas'
);

-- Sentencia:
INSERT INTO Votacion_de_asamblea(fecha_de_creacion, fecha_de_finalizacion, estado) VALUES(
    '2023-01-05 10:30',
    '2023-01-25 10:30',
    'Inactivo'
);

-- Sentencia:
INSERT INTO Votacion_de_asamblea(fecha_de_creacion, fecha_de_finalizacion, estado) VALUES(
    '2023-01-05 10:30',
    '2023-01-25 10:30',
    'Problemas'
);

-- Sentencia:
INSERT INTO Votacion_de_asamblea(fecha_de_creacion, fecha_de_finalizacion, estado) VALUES(
    '2023-01-05 10:30',
    '2023-01-25 10:30',
    'Inactivo'
);

-- Sentencia:
INSERT INTO Votacion_de_asamblea(fecha_de_creacion, fecha_de_finalizacion, estado) VALUES(
    '2023-01-05 10:30',
    '2023-01-25 10:30',
    'Problemas'
);

-- Sentencia:
INSERT INTO Votacion_de_asamblea(fecha_de_creacion, fecha_de_finalizacion, estado) VALUES(
    '2023-01-05 10:30',
    '2023-01-25 10:30',
    'Inactivo'
);

-- Sentencia:
INSERT INTO Votacion_de_asamblea(fecha_de_creacion, fecha_de_finalizacion, estado) VALUES(
    '2023-01-05 10:30',
    '2023-01-25 10:30',
    'Problemas'
);

-- Sentencia:
INSERT INTO Votacion_de_asamblea(fecha_de_creacion, fecha_de_finalizacion, estado) VALUES(
    '2023-01-05 10:30',
    '2023-01-25 10:30',
    'Inactivo'
);

-- Sentencia:
INSERT INTO Votacion_de_asamblea(fecha_de_creacion, fecha_de_finalizacion, estado) VALUES(
    '2023-01-05 10:30',
    '2023-01-25 10:30',
    'Problemas'
);

-- Sentencia:
INSERT INTO Votacion_de_asamblea(fecha_de_creacion, fecha_de_finalizacion, estado) VALUES(
    '2023-01-05 10:30',
    '2023-01-25 10:30',
    'Inactivo'
);

-- Sentencia:
INSERT INTO Votacion_de_asamblea(fecha_de_creacion, fecha_de_finalizacion, estado) VALUES(
    '2023-01-05 10:30',
    '2023-01-25 10:30',
    'Problemas'
);

-- Sentencia:
INSERT INTO Votacion_de_asamblea(fecha_de_creacion, fecha_de_finalizacion, estado) VALUES(
    '2023-01-05 10:30',
    '2023-01-25 10:30',
    'Inactivo'
);

-- Sentencia:
INSERT INTO Votacion_de_asamblea(fecha_de_creacion, fecha_de_finalizacion, estado) VALUES(
    '2023-01-05 10:30',
    '2023-01-25 10:30',
    'Problemas'
);

-- Sentencia:
INSERT INTO Votacion_de_asamblea(fecha_de_creacion, fecha_de_finalizacion, estado) VALUES(
    '2023-01-05 10:30',
    '2023-01-25 10:30',
    'Inactivo'
);

-- Sentencia:
INSERT INTO Votacion_de_asamblea(fecha_de_creacion, fecha_de_finalizacion, estado) VALUES(
    '2023-01-05 10:30',
    '2023-01-25 10:30',
    'Problemas'
);

-- Sentencia:
INSERT INTO Votacion_de_asamblea(fecha_de_creacion, fecha_de_finalizacion, estado) VALUES(
    '2023-01-05 10:30',
    '2023-01-25 10:30',
    'Inactivo'
);

-- Sentencia:
INSERT INTO Votacion_de_asamblea(fecha_de_creacion, fecha_de_finalizacion, estado) VALUES(
    '2023-01-05 10:30',
    '2023-01-25 10:30',
    'Problemas'
);

-- Sentencia:
INSERT INTO Votacion_de_asamblea(fecha_de_creacion, fecha_de_finalizacion, estado) VALUES(
    '2023-01-05 10:30',
    '2023-01-25 10:30',
    'Inactivo'
);

-- Sentencia:
INSERT INTO Votacion_de_asamblea(fecha_de_creacion, fecha_de_finalizacion, estado) VALUES(
    '2023-01-05 10:30',
    '2023-01-25 10:30',
    'Problemas'
);

-- Sentencia:
INSERT INTO Votacion_de_asamblea(fecha_de_creacion, fecha_de_finalizacion, estado) VALUES(
    '2023-01-05 10:30',
    '2023-01-25 10:30',
    'Inactivo'
);

-- Sentencia:
INSERT INTO Votacion_de_asamblea(fecha_de_creacion, fecha_de_finalizacion, estado) VALUES(
    '2023-01-05 10:30',
    '2023-01-25 10:30',
    'Problemas'
);

-- Sentencia:
INSERT INTO Votacion_de_asamblea(fecha_de_creacion, fecha_de_finalizacion, estado) VALUES(
    '2023-01-05 10:30',
    '2023-01-25 10:30',
    'Inactivo'
);

-- Sentencia:
INSERT INTO Votacion_de_asamblea(fecha_de_creacion, fecha_de_finalizacion, estado) VALUES(
    '2023-01-05 10:30',
    '2023-01-25 10:30',
    'Problemas'
);

-- Sentencia:
INSERT INTO Votacion_de_asamblea(fecha_de_creacion, fecha_de_finalizacion, estado) VALUES(
    '2023-01-05 10:30',
    '2023-01-25 10:30',
    'Inactivo'
);

-- Sentencia:
INSERT INTO Votacion_de_asamblea(fecha_de_creacion, fecha_de_finalizacion, estado) VALUES(
    '2023-01-05 10:30',
    '2023-01-25 10:30',
    'Problemas'
);

-- Sentencia:
INSERT INTO Votacion_de_asamblea(fecha_de_creacion, fecha_de_finalizacion, estado) VALUES(
    '2023-01-05 10:30',
    '2023-01-25 10:30',
    'Inactivo'
);

-- Sentencia:
INSERT INTO Votacion_de_asamblea(fecha_de_creacion, fecha_de_finalizacion, estado) VALUES(
    '2023-01-05 10:30',
    '2023-01-25 10:30',
    'Problemas'
);

-- Sentencia:
INSERT INTO Votacion_de_asamblea(fecha_de_creacion, fecha_de_finalizacion, estado) VALUES(
    '2023-01-05 10:30',
    '2023-01-25 10:30',
    'Inactivo'
);

-- Sentencia:
INSERT INTO Votacion_de_asamblea(fecha_de_creacion, fecha_de_finalizacion, estado) VALUES(
    '2023-01-05 10:30',
    '2023-01-25 10:30',
    'Problemas'
);

-- Sentencia:
INSERT INTO Votacion_de_asamblea(fecha_de_creacion, fecha_de_finalizacion, estado) VALUES(
    '2023-01-05 10:30',
    '2023-01-25 10:30',
    'Inactivo'
);

-- Sentencia:
INSERT INTO Votacion_de_asamblea(fecha_de_creacion, fecha_de_finalizacion, estado) VALUES(
    '2023-01-05 10:30',
    '2023-01-25 10:30',
    'Problemas'
);

-- Sentencia:
INSERT INTO Votacion_de_asamblea(fecha_de_creacion, fecha_de_finalizacion, estado) VALUES(
    '2023-01-05 10:30',
    '2023-01-25 10:30',
    'Inactivo'
);

-- Sentencia:
INSERT INTO Votacion_de_asamblea(fecha_de_creacion, fecha_de_finalizacion, estado) VALUES(
    '2023-01-05 10:30',
    '2023-01-25 10:30',
    'Problemas'
);

-- Sentencia:
INSERT INTO Votacion_de_asamblea(fecha_de_creacion, fecha_de_finalizacion, estado) VALUES(
    '2023-01-05 10:30',
    '2023-01-25 10:30',
    'Inactivo'
);

-- Sentencia:
INSERT INTO Votacion_de_asamblea(fecha_de_creacion, fecha_de_finalizacion, estado) VALUES(
    '2023-01-05 10:30',
    '2023-01-25 10:30',
    'Problemas'
);

-- Sentencia:
INSERT INTO Votacion_de_asamblea(fecha_de_creacion, fecha_de_finalizacion, estado) VALUES(
    '2023-01-05 10:30',
    '2023-01-25 10:30',
    'Inactivo'
);

-- Sentencia:
INSERT INTO Votacion_de_asamblea(fecha_de_creacion, fecha_de_finalizacion, estado) VALUES(
    '2023-01-05 10:30',
    '2023-01-25 10:30',
    'Problemas'
);

-- Sentencia:
INSERT INTO Votacion_de_asamblea(fecha_de_creacion, fecha_de_finalizacion, estado) VALUES(
    '2023-01-05 10:30',
    '2023-01-25 10:30',
    'Inactivo'
);

-- Sentencia:
INSERT INTO Votacion_de_asamblea(fecha_de_creacion, fecha_de_finalizacion, estado) VALUES(
    '2023-01-05 10:30',
    '2023-01-25 10:30',
    'Problemas'
);

-- Sentencia:
INSERT INTO Votacion_de_asamblea(fecha_de_creacion, fecha_de_finalizacion, estado) VALUES(
    '2023-01-05 10:30',
    '2023-01-25 10:30',
    'Inactivo'
);

-- Sentencia:
INSERT INTO Votacion_de_asamblea(fecha_de_creacion, fecha_de_finalizacion, estado) VALUES(
    '2023-01-05 10:30',
    '2023-01-25 10:30',
    'Problemas'
);

-- Sentencia:
INSERT INTO Votacion_de_asamblea(fecha_de_creacion, fecha_de_finalizacion, estado) VALUES(
    '2023-01-05 10:30',
    '2023-01-25 10:30',
    'Inactivo'
);

-- Sentencia:
INSERT INTO Votacion_de_asamblea(fecha_de_creacion, fecha_de_finalizacion, estado) VALUES(
    '2023-01-05 10:30',
    '2023-01-25 10:30',
    'Problemas'
);

-- Sentencia:
INSERT INTO Votacion_de_asamblea(fecha_de_creacion, fecha_de_finalizacion, estado) VALUES(
    '2023-01-05 10:30',
    '2023-01-25 10:30',
    'Inactivo'
);

-- Sentencia:
INSERT INTO Votacion_de_asamblea(fecha_de_creacion, fecha_de_finalizacion, estado) VALUES(
    '2023-01-05 10:30',
    '2023-01-25 10:30',
    'Problemas'
);

-- Sentencia:
INSERT INTO Votacion_de_asamblea(fecha_de_creacion, fecha_de_finalizacion, estado) VALUES(
    '2023-01-05 10:30',
    '2023-01-25 10:30',
    'Inactivo'
);

-- Sentencia:
INSERT INTO Votacion_de_asamblea(fecha_de_creacion, fecha_de_finalizacion, estado) VALUES(
    '2023-01-05 10:30',
    '2023-01-25 10:30',
    'Problemas'
);

-- Sentencia:
INSERT INTO Votacion_de_asamblea(fecha_de_creacion, fecha_de_finalizacion, estado) VALUES(
    '2023-01-05 10:30',
    '2023-01-25 10:30',
    'Inactivo'
);

-- Sentencia:
INSERT INTO Votacion_de_asamblea(fecha_de_creacion, fecha_de_finalizacion, estado) VALUES(
    '2023-01-05 10:30',
    '2023-01-25 10:30',
    'Problemas'
);

-- Sentencia:
INSERT INTO Votacion_de_asamblea(fecha_de_creacion, fecha_de_finalizacion, estado) VALUES(
    '2023-01-05 10:30',
    '2023-01-25 10:30',
    'Inactivo'
);

-- Sentencia:
INSERT INTO Votacion_de_asamblea(fecha_de_creacion, fecha_de_finalizacion, estado) VALUES(
    '2023-01-05 10:30',
    '2023-01-25 10:30',
    'Problemas'
);

-- Sentencia:
INSERT INTO Votacion_de_asamblea(fecha_de_creacion, fecha_de_finalizacion, estado) VALUES(
    '2023-01-05 10:30',
    '2023-01-25 10:30',
    'Inactivo'
);

-- Sentencia:
INSERT INTO Votacion_de_asamblea(fecha_de_creacion, fecha_de_finalizacion, estado) VALUES(
    '2023-01-05 10:30',
    '2023-01-25 10:30',
    'Problemas'
);

-- Sentencia:
INSERT INTO Votacion_de_asamblea(fecha_de_creacion, fecha_de_finalizacion, estado) VALUES(
    '2023-01-05 10:30',
    '2023-01-25 10:30',
    'Inactivo'
);

-- Sentencia:
INSERT INTO Votacion_de_asamblea(fecha_de_creacion, fecha_de_finalizacion, estado) VALUES(
    '2023-01-05 10:30',
    '2023-01-25 10:30',
    'Problemas'
);

-- Sentencia:
INSERT INTO Votacion_de_asamblea(fecha_de_creacion, fecha_de_finalizacion, estado) VALUES(
    '2023-01-05 10:30',
    '2023-01-25 10:30',
    'Inactivo'
);

-- Sentencia:
INSERT INTO Votacion_de_asamblea(fecha_de_creacion, fecha_de_finalizacion, estado) VALUES(
    '2023-01-05 10:30',
    '2023-01-25 10:30',
    'Problemas'
);

-- Sentencia:
INSERT INTO Votacion_de_asamblea(fecha_de_creacion, fecha_de_finalizacion, estado) VALUES(
    '2023-01-05 10:30',
    '2023-01-25 10:30',
    'Inactivo'
);

-- Sentencia:
INSERT INTO Votacion_de_asamblea(fecha_de_creacion, fecha_de_finalizacion, estado) VALUES(
    '2023-01-05 10:30',
    '2023-01-25 10:30',
    'Problemas'
);

-- Sentencia:
INSERT INTO Votacion_de_asamblea(fecha_de_creacion, fecha_de_finalizacion, estado) VALUES(
    '2023-01-05 10:30',
    '2023-01-25 10:30',
    'Inactivo'
);

-- Sentencia:
INSERT INTO Votacion_de_asamblea(fecha_de_creacion, fecha_de_finalizacion, estado) VALUES(
    '2023-01-05 10:30',
    '2023-01-25 10:30',
    'Problemas'
);

-- Sentencia:
INSERT INTO Votacion_de_asamblea(fecha_de_creacion, fecha_de_finalizacion, estado) VALUES(
    '2023-01-05 10:30',
    '2023-01-25 10:30',
    'Inactivo'
);

-- Sentencia:
INSERT INTO Votacion_de_asamblea(fecha_de_creacion, fecha_de_finalizacion, estado) VALUES(
    '2023-01-05 10:30',
    '2023-01-25 10:30',
    'Problemas'
);

-- Sentencia:
INSERT INTO Votacion_de_asamblea(fecha_de_creacion, fecha_de_finalizacion, estado) VALUES(
    '2023-01-05 10:30',
    '2023-01-25 10:30',
    'Inactivo'
);

-- Sentencia:
INSERT INTO Votacion_de_asamblea(fecha_de_creacion, fecha_de_finalizacion, estado) VALUES(
    '2023-01-05 10:30',
    '2023-01-25 10:30',
    'Problemas'
);

-- Sentencia:
INSERT INTO Votacion_de_asamblea(fecha_de_creacion, fecha_de_finalizacion, estado) VALUES(
    '2023-01-05 10:30',
    '2023-01-25 10:30',
    'Inactivo'
);

-- Sentencia:
INSERT INTO Votacion_de_asamblea(fecha_de_creacion, fecha_de_finalizacion, estado) VALUES(
    '2023-01-05 10:30',
    '2023-01-25 10:30',
    'Problemas'
);

-- Sentencia:
INSERT INTO Votacion_de_asamblea(fecha_de_creacion, fecha_de_finalizacion, estado) VALUES(
    '2023-01-05 10:30',
    '2023-01-25 10:30',
    'Inactivo'
);

-- Sentencia:
INSERT INTO Votacion_de_asamblea(fecha_de_creacion, fecha_de_finalizacion, estado) VALUES(
    '2023-01-05 10:30',
    '2023-01-25 10:30',
    'Problemas'
);

-- Sentencia:
INSERT INTO Votacion_de_asamblea(fecha_de_creacion, fecha_de_finalizacion, estado) VALUES(
    '2023-01-05 10:30',
    '2023-01-25 10:30',
    'Inactivo'
);

-- Sentencia:
INSERT INTO Votacion_de_asamblea(fecha_de_creacion, fecha_de_finalizacion, estado) VALUES(
    '2023-01-05 10:30',
    '2023-01-25 10:30',
    'Problemas'
);

-- Sentencia:
INSERT INTO Votacion_de_asamblea(fecha_de_creacion, fecha_de_finalizacion, estado) VALUES(
    '2023-01-05 10:30',
    '2023-01-25 10:30',
    'Inactivo'
);

-- Sentencia:
INSERT INTO Votacion_de_asamblea(fecha_de_creacion, fecha_de_finalizacion, estado) VALUES(
    '2023-01-05 10:30',
    '2023-01-25 10:30',
    'Problemas'
);

-- Sentencia:
INSERT INTO Votacion_de_asamblea(fecha_de_creacion, fecha_de_finalizacion, estado) VALUES(
    '2023-01-05 10:30',
    '2023-01-25 10:30',
    'Inactivo'
);

-- Sentencia:
INSERT INTO Votacion_de_asamblea(fecha_de_creacion, fecha_de_finalizacion, estado) VALUES(
    '2023-01-05 10:30',
    '2023-01-25 10:30',
    'Problemas'
);

-- Sentencia:
INSERT INTO Votacion_de_asamblea(fecha_de_creacion, fecha_de_finalizacion, estado) VALUES(
    '2023-01-05 10:30',
    '2023-01-25 10:30',
    'Inactivo'
);

-- Sentencia:
INSERT INTO Votacion_de_asamblea(fecha_de_creacion, fecha_de_finalizacion, estado) VALUES(
    '2023-01-05 10:30',
    '2023-01-25 10:30',
    'Problemas'
);

-- Sentencia:
INSERT INTO Votacion_de_asamblea(fecha_de_creacion, fecha_de_finalizacion, estado) VALUES(
    '2023-01-05 10:30',
    '2023-01-25 10:30',
    'Inactivo'
);

-- Sentencia:
INSERT INTO Votacion_de_asamblea(fecha_de_creacion, fecha_de_finalizacion, estado) VALUES(
    '2023-01-05 10:30',
    '2023-01-25 10:30',
    'Problemas'
);

-- Sentencia:
INSERT INTO Votacion_de_asamblea(fecha_de_creacion, fecha_de_finalizacion, estado) VALUES(
    '2023-01-05 10:30',
    '2023-01-25 10:30',
    'Inactivo'
);

-- Sentencia:
INSERT INTO Problema_de_asamblea(titulo, descripcion, contenido, estado, id_de_votacion, fecha_de_creacion) VALUES(
    'Titulo 0',
    'Descripción 0',
    'Contenido 0',
    'Propuesto',
    '1',
    '2023-01-25 10:30'
);

-- Sentencia:
INSERT INTO Problema_de_asamblea(titulo, descripcion, contenido, estado, id_de_votacion, fecha_de_creacion) VALUES(
    'Titulo 1',
    'Descripción 1',
    'Contenido 1',
    'Propuesto',
    '1',
    '2023-01-25 10:30'
);

-- Sentencia:
INSERT INTO Problema_de_asamblea(titulo, descripcion, contenido, estado, id_de_votacion, fecha_de_creacion) VALUES(
    'Titulo 2',
    'Descripción 2',
    'Contenido 2',
    'Propuesto',
    '1',
    '2023-01-25 10:30'
);

-- Sentencia:
INSERT INTO Problema_de_asamblea(titulo, descripcion, contenido, estado, id_de_votacion, fecha_de_creacion) VALUES(
    'Titulo 3',
    'Descripción 3',
    'Contenido 3',
    'Propuesto',
    '1',
    '2023-01-25 10:30'
);

-- Sentencia:
INSERT INTO Problema_de_asamblea(titulo, descripcion, contenido, estado, id_de_votacion, fecha_de_creacion) VALUES(
    'Titulo 4',
    'Descripción 4',
    'Contenido 4',
    'Propuesto',
    '1',
    '2023-01-25 10:30'
);

-- Sentencia:
INSERT INTO Problema_de_asamblea(titulo, descripcion, contenido, estado, id_de_votacion, fecha_de_creacion) VALUES(
    'Titulo 5',
    'Descripción 5',
    'Contenido 5',
    'Propuesto',
    '1',
    '2023-01-25 10:30'
);

-- Sentencia:
INSERT INTO Problema_de_asamblea(titulo, descripcion, contenido, estado, id_de_votacion, fecha_de_creacion) VALUES(
    'Titulo 6',
    'Descripción 6',
    'Contenido 6',
    'Propuesto',
    '1',
    '2023-01-25 10:30'
);

-- Sentencia:
INSERT INTO Problema_de_asamblea(titulo, descripcion, contenido, estado, id_de_votacion, fecha_de_creacion) VALUES(
    'Titulo 7',
    'Descripción 7',
    'Contenido 7',
    'Propuesto',
    '1',
    '2023-01-25 10:30'
);

-- Sentencia:
INSERT INTO Problema_de_asamblea(titulo, descripcion, contenido, estado, id_de_votacion, fecha_de_creacion) VALUES(
    'Titulo 8',
    'Descripción 8',
    'Contenido 8',
    'Propuesto',
    '1',
    '2023-01-25 10:30'
);

-- Sentencia:
INSERT INTO Problema_de_asamblea(titulo, descripcion, contenido, estado, id_de_votacion, fecha_de_creacion) VALUES(
    'Titulo 9',
    'Descripción 9',
    'Contenido 9',
    'Propuesto',
    '1',
    '2023-01-25 10:30'
);

-- Sentencia:
INSERT INTO Problema_de_asamblea(titulo, descripcion, contenido, estado, id_de_votacion, fecha_de_creacion) VALUES(
    'Titulo 10',
    'Descripción 10',
    'Contenido 10',
    'Propuesto',
    '1',
    '2023-01-25 10:30'
);

-- Sentencia:
INSERT INTO Problema_de_asamblea(titulo, descripcion, contenido, estado, id_de_votacion, fecha_de_creacion) VALUES(
    'Titulo 11',
    'Descripción 11',
    'Contenido 11',
    'Propuesto',
    '1',
    '2023-01-25 10:30'
);

-- Sentencia:
INSERT INTO Problema_de_asamblea(titulo, descripcion, contenido, estado, id_de_votacion, fecha_de_creacion) VALUES(
    'Titulo 12',
    'Descripción 12',
    'Contenido 12',
    'Propuesto',
    '1',
    '2023-01-25 10:30'
);

-- Sentencia:
INSERT INTO Problema_de_asamblea(titulo, descripcion, contenido, estado, id_de_votacion, fecha_de_creacion) VALUES(
    'Titulo 13',
    'Descripción 13',
    'Contenido 13',
    'Propuesto',
    '1',
    '2023-01-25 10:30'
);

-- Sentencia:
INSERT INTO Problema_de_asamblea(titulo, descripcion, contenido, estado, id_de_votacion, fecha_de_creacion) VALUES(
    'Titulo 14',
    'Descripción 14',
    'Contenido 14',
    'Propuesto',
    '1',
    '2023-01-25 10:30'
);

-- Sentencia:
INSERT INTO Problema_de_asamblea(titulo, descripcion, contenido, estado, id_de_votacion, fecha_de_creacion) VALUES(
    'Titulo 15',
    'Descripción 15',
    'Contenido 15',
    'Propuesto',
    '1',
    '2023-01-25 10:30'
);

-- Sentencia:
INSERT INTO Problema_de_asamblea(titulo, descripcion, contenido, estado, id_de_votacion, fecha_de_creacion) VALUES(
    'Titulo 16',
    'Descripción 16',
    'Contenido 16',
    'Propuesto',
    '1',
    '2023-01-25 10:30'
);

-- Sentencia:
INSERT INTO Problema_de_asamblea(titulo, descripcion, contenido, estado, id_de_votacion, fecha_de_creacion) VALUES(
    'Titulo 17',
    'Descripción 17',
    'Contenido 17',
    'Propuesto',
    '1',
    '2023-01-25 10:30'
);

-- Sentencia:
INSERT INTO Problema_de_asamblea(titulo, descripcion, contenido, estado, id_de_votacion, fecha_de_creacion) VALUES(
    'Titulo 18',
    'Descripción 18',
    'Contenido 18',
    'Propuesto',
    '1',
    '2023-01-25 10:30'
);

-- Sentencia:
INSERT INTO Problema_de_asamblea(titulo, descripcion, contenido, estado, id_de_votacion, fecha_de_creacion) VALUES(
    'Titulo 19',
    'Descripción 19',
    'Contenido 19',
    'Propuesto',
    '1',
    '2023-01-25 10:30'
);

-- Sentencia:
INSERT INTO Problema_de_asamblea(titulo, descripcion, contenido, estado, id_de_votacion, fecha_de_creacion) VALUES(
    'Titulo 20',
    'Descripción 20',
    'Contenido 20',
    'Propuesto',
    '1',
    '2023-01-25 10:30'
);

-- Sentencia:
INSERT INTO Problema_de_asamblea(titulo, descripcion, contenido, estado, id_de_votacion, fecha_de_creacion) VALUES(
    'Titulo 21',
    'Descripción 21',
    'Contenido 21',
    'Propuesto',
    '1',
    '2023-01-25 10:30'
);

-- Sentencia:
INSERT INTO Problema_de_asamblea(titulo, descripcion, contenido, estado, id_de_votacion, fecha_de_creacion) VALUES(
    'Titulo 22',
    'Descripción 22',
    'Contenido 22',
    'Propuesto',
    '1',
    '2023-01-25 10:30'
);

-- Sentencia:
INSERT INTO Problema_de_asamblea(titulo, descripcion, contenido, estado, id_de_votacion, fecha_de_creacion) VALUES(
    'Titulo 23',
    'Descripción 23',
    'Contenido 23',
    'Propuesto',
    '1',
    '2023-01-25 10:30'
);

-- Sentencia:
INSERT INTO Problema_de_asamblea(titulo, descripcion, contenido, estado, id_de_votacion, fecha_de_creacion) VALUES(
    'Titulo 24',
    'Descripción 24',
    'Contenido 24',
    'Propuesto',
    '1',
    '2023-01-25 10:30'
);

-- Sentencia:
INSERT INTO Problema_de_asamblea(titulo, descripcion, contenido, estado, id_de_votacion, fecha_de_creacion) VALUES(
    'Titulo 25',
    'Descripción 25',
    'Contenido 25',
    'Propuesto',
    '1',
    '2023-01-25 10:30'
);

-- Sentencia:
INSERT INTO Problema_de_asamblea(titulo, descripcion, contenido, estado, id_de_votacion, fecha_de_creacion) VALUES(
    'Titulo 26',
    'Descripción 26',
    'Contenido 26',
    'Propuesto',
    '1',
    '2023-01-25 10:30'
);

-- Sentencia:
INSERT INTO Problema_de_asamblea(titulo, descripcion, contenido, estado, id_de_votacion, fecha_de_creacion) VALUES(
    'Titulo 27',
    'Descripción 27',
    'Contenido 27',
    'Propuesto',
    '1',
    '2023-01-25 10:30'
);

-- Sentencia:
INSERT INTO Problema_de_asamblea(titulo, descripcion, contenido, estado, id_de_votacion, fecha_de_creacion) VALUES(
    'Titulo 28',
    'Descripción 28',
    'Contenido 28',
    'Propuesto',
    '1',
    '2023-01-25 10:30'
);

-- Sentencia:
INSERT INTO Problema_de_asamblea(titulo, descripcion, contenido, estado, id_de_votacion, fecha_de_creacion) VALUES(
    'Titulo 29',
    'Descripción 29',
    'Contenido 29',
    'Propuesto',
    '1',
    '2023-01-25 10:30'
);

-- Sentencia:
INSERT INTO Problema_de_asamblea(titulo, descripcion, contenido, estado, id_de_votacion, fecha_de_creacion) VALUES(
    'Titulo 30',
    'Descripción 30',
    'Contenido 30',
    'Propuesto',
    '1',
    '2023-01-25 10:30'
);

-- Sentencia:
INSERT INTO Problema_de_asamblea(titulo, descripcion, contenido, estado, id_de_votacion, fecha_de_creacion) VALUES(
    'Titulo 31',
    'Descripción 31',
    'Contenido 31',
    'Propuesto',
    '1',
    '2023-01-25 10:30'
);

-- Sentencia:
INSERT INTO Problema_de_asamblea(titulo, descripcion, contenido, estado, id_de_votacion, fecha_de_creacion) VALUES(
    'Titulo 32',
    'Descripción 32',
    'Contenido 32',
    'Propuesto',
    '1',
    '2023-01-25 10:30'
);

-- Sentencia:
INSERT INTO Problema_de_asamblea(titulo, descripcion, contenido, estado, id_de_votacion, fecha_de_creacion) VALUES(
    'Titulo 33',
    'Descripción 33',
    'Contenido 33',
    'Propuesto',
    '1',
    '2023-01-25 10:30'
);

-- Sentencia:
INSERT INTO Problema_de_asamblea(titulo, descripcion, contenido, estado, id_de_votacion, fecha_de_creacion) VALUES(
    'Titulo 34',
    'Descripción 34',
    'Contenido 34',
    'Propuesto',
    '1',
    '2023-01-25 10:30'
);

-- Sentencia:
INSERT INTO Problema_de_asamblea(titulo, descripcion, contenido, estado, id_de_votacion, fecha_de_creacion) VALUES(
    'Titulo 35',
    'Descripción 35',
    'Contenido 35',
    'Propuesto',
    '1',
    '2023-01-25 10:30'
);

-- Sentencia:
INSERT INTO Problema_de_asamblea(titulo, descripcion, contenido, estado, id_de_votacion, fecha_de_creacion) VALUES(
    'Titulo 36',
    'Descripción 36',
    'Contenido 36',
    'Propuesto',
    '1',
    '2023-01-25 10:30'
);

-- Sentencia:
INSERT INTO Problema_de_asamblea(titulo, descripcion, contenido, estado, id_de_votacion, fecha_de_creacion) VALUES(
    'Titulo 37',
    'Descripción 37',
    'Contenido 37',
    'Propuesto',
    '1',
    '2023-01-25 10:30'
);

-- Sentencia:
INSERT INTO Problema_de_asamblea(titulo, descripcion, contenido, estado, id_de_votacion, fecha_de_creacion) VALUES(
    'Titulo 38',
    'Descripción 38',
    'Contenido 38',
    'Propuesto',
    '1',
    '2023-01-25 10:30'
);

-- Sentencia:
INSERT INTO Problema_de_asamblea(titulo, descripcion, contenido, estado, id_de_votacion, fecha_de_creacion) VALUES(
    'Titulo 39',
    'Descripción 39',
    'Contenido 39',
    'Propuesto',
    '1',
    '2023-01-25 10:30'
);

-- Sentencia:
INSERT INTO Problema_de_asamblea(titulo, descripcion, contenido, estado, id_de_votacion, fecha_de_creacion) VALUES(
    'Titulo 40',
    'Descripción 40',
    'Contenido 40',
    'Propuesto',
    '1',
    '2023-01-25 10:30'
);

-- Sentencia:
INSERT INTO Problema_de_asamblea(titulo, descripcion, contenido, estado, id_de_votacion, fecha_de_creacion) VALUES(
    'Titulo 41',
    'Descripción 41',
    'Contenido 41',
    'Propuesto',
    '1',
    '2023-01-25 10:30'
);

-- Sentencia:
INSERT INTO Problema_de_asamblea(titulo, descripcion, contenido, estado, id_de_votacion, fecha_de_creacion) VALUES(
    'Titulo 42',
    'Descripción 42',
    'Contenido 42',
    'Propuesto',
    '1',
    '2023-01-25 10:30'
);

-- Sentencia:
INSERT INTO Problema_de_asamblea(titulo, descripcion, contenido, estado, id_de_votacion, fecha_de_creacion) VALUES(
    'Titulo 43',
    'Descripción 43',
    'Contenido 43',
    'Propuesto',
    '1',
    '2023-01-25 10:30'
);

-- Sentencia:
INSERT INTO Problema_de_asamblea(titulo, descripcion, contenido, estado, id_de_votacion, fecha_de_creacion) VALUES(
    'Titulo 44',
    'Descripción 44',
    'Contenido 44',
    'Propuesto',
    '1',
    '2023-01-25 10:30'
);

-- Sentencia:
INSERT INTO Problema_de_asamblea(titulo, descripcion, contenido, estado, id_de_votacion, fecha_de_creacion) VALUES(
    'Titulo 45',
    'Descripción 45',
    'Contenido 45',
    'Propuesto',
    '1',
    '2023-01-25 10:30'
);

-- Sentencia:
INSERT INTO Problema_de_asamblea(titulo, descripcion, contenido, estado, id_de_votacion, fecha_de_creacion) VALUES(
    'Titulo 46',
    'Descripción 46',
    'Contenido 46',
    'Propuesto',
    '1',
    '2023-01-25 10:30'
);

-- Sentencia:
INSERT INTO Problema_de_asamblea(titulo, descripcion, contenido, estado, id_de_votacion, fecha_de_creacion) VALUES(
    'Titulo 47',
    'Descripción 47',
    'Contenido 47',
    'Propuesto',
    '1',
    '2023-01-25 10:30'
);

-- Sentencia:
INSERT INTO Problema_de_asamblea(titulo, descripcion, contenido, estado, id_de_votacion, fecha_de_creacion) VALUES(
    'Titulo 48',
    'Descripción 48',
    'Contenido 48',
    'Propuesto',
    '1',
    '2023-01-25 10:30'
);

-- Sentencia:
INSERT INTO Problema_de_asamblea(titulo, descripcion, contenido, estado, id_de_votacion, fecha_de_creacion) VALUES(
    'Titulo 49',
    'Descripción 49',
    'Contenido 49',
    'Propuesto',
    '1',
    '2023-01-25 10:30'
);

-- Sentencia:
INSERT INTO Problema_de_asamblea(titulo, descripcion, contenido, estado, id_de_votacion, fecha_de_creacion) VALUES(
    'Titulo 50',
    'Descripción 50',
    'Contenido 50',
    'Propuesto',
    '1',
    '2023-01-25 10:30'
);

-- Sentencia:
INSERT INTO Problema_de_asamblea(titulo, descripcion, contenido, estado, id_de_votacion, fecha_de_creacion) VALUES(
    'Titulo 51',
    'Descripción 51',
    'Contenido 51',
    'Propuesto',
    '1',
    '2023-01-25 10:30'
);

-- Sentencia:
INSERT INTO Problema_de_asamblea(titulo, descripcion, contenido, estado, id_de_votacion, fecha_de_creacion) VALUES(
    'Titulo 52',
    'Descripción 52',
    'Contenido 52',
    'Propuesto',
    '1',
    '2023-01-25 10:30'
);

-- Sentencia:
INSERT INTO Problema_de_asamblea(titulo, descripcion, contenido, estado, id_de_votacion, fecha_de_creacion) VALUES(
    'Titulo 53',
    'Descripción 53',
    'Contenido 53',
    'Propuesto',
    '1',
    '2023-01-25 10:30'
);

-- Sentencia:
INSERT INTO Problema_de_asamblea(titulo, descripcion, contenido, estado, id_de_votacion, fecha_de_creacion) VALUES(
    'Titulo 54',
    'Descripción 54',
    'Contenido 54',
    'Propuesto',
    '1',
    '2023-01-25 10:30'
);

-- Sentencia:
INSERT INTO Problema_de_asamblea(titulo, descripcion, contenido, estado, id_de_votacion, fecha_de_creacion) VALUES(
    'Titulo 55',
    'Descripción 55',
    'Contenido 55',
    'Propuesto',
    '1',
    '2023-01-25 10:30'
);

-- Sentencia:
INSERT INTO Problema_de_asamblea(titulo, descripcion, contenido, estado, id_de_votacion, fecha_de_creacion) VALUES(
    'Titulo 56',
    'Descripción 56',
    'Contenido 56',
    'Propuesto',
    '1',
    '2023-01-25 10:30'
);

-- Sentencia:
INSERT INTO Problema_de_asamblea(titulo, descripcion, contenido, estado, id_de_votacion, fecha_de_creacion) VALUES(
    'Titulo 57',
    'Descripción 57',
    'Contenido 57',
    'Propuesto',
    '1',
    '2023-01-25 10:30'
);

-- Sentencia:
INSERT INTO Problema_de_asamblea(titulo, descripcion, contenido, estado, id_de_votacion, fecha_de_creacion) VALUES(
    'Titulo 58',
    'Descripción 58',
    'Contenido 58',
    'Propuesto',
    '1',
    '2023-01-25 10:30'
);

-- Sentencia:
INSERT INTO Problema_de_asamblea(titulo, descripcion, contenido, estado, id_de_votacion, fecha_de_creacion) VALUES(
    'Titulo 59',
    'Descripción 59',
    'Contenido 59',
    'Propuesto',
    '1',
    '2023-01-25 10:30'
);

-- Sentencia:
INSERT INTO Problema_de_asamblea(titulo, descripcion, contenido, estado, id_de_votacion, fecha_de_creacion) VALUES(
    'Titulo 60',
    'Descripción 60',
    'Contenido 60',
    'Propuesto',
    '1',
    '2023-01-25 10:30'
);

-- Sentencia:
INSERT INTO Problema_de_asamblea(titulo, descripcion, contenido, estado, id_de_votacion, fecha_de_creacion) VALUES(
    'Titulo 61',
    'Descripción 61',
    'Contenido 61',
    'Propuesto',
    '1',
    '2023-01-25 10:30'
);

-- Sentencia:
INSERT INTO Problema_de_asamblea(titulo, descripcion, contenido, estado, id_de_votacion, fecha_de_creacion) VALUES(
    'Titulo 62',
    'Descripción 62',
    'Contenido 62',
    'Propuesto',
    '1',
    '2023-01-25 10:30'
);

-- Sentencia:
INSERT INTO Problema_de_asamblea(titulo, descripcion, contenido, estado, id_de_votacion, fecha_de_creacion) VALUES(
    'Titulo 63',
    'Descripción 63',
    'Contenido 63',
    'Propuesto',
    '1',
    '2023-01-25 10:30'
);

-- Sentencia:
INSERT INTO Problema_de_asamblea(titulo, descripcion, contenido, estado, id_de_votacion, fecha_de_creacion) VALUES(
    'Titulo 64',
    'Descripción 64',
    'Contenido 64',
    'Propuesto',
    '1',
    '2023-01-25 10:30'
);

-- Sentencia:
INSERT INTO Problema_de_asamblea(titulo, descripcion, contenido, estado, id_de_votacion, fecha_de_creacion) VALUES(
    'Titulo 65',
    'Descripción 65',
    'Contenido 65',
    'Propuesto',
    '1',
    '2023-01-25 10:30'
);

-- Sentencia:
INSERT INTO Problema_de_asamblea(titulo, descripcion, contenido, estado, id_de_votacion, fecha_de_creacion) VALUES(
    'Titulo 66',
    'Descripción 66',
    'Contenido 66',
    'Propuesto',
    '1',
    '2023-01-25 10:30'
);

-- Sentencia:
INSERT INTO Problema_de_asamblea(titulo, descripcion, contenido, estado, id_de_votacion, fecha_de_creacion) VALUES(
    'Titulo 67',
    'Descripción 67',
    'Contenido 67',
    'Propuesto',
    '1',
    '2023-01-25 10:30'
);

-- Sentencia:
INSERT INTO Problema_de_asamblea(titulo, descripcion, contenido, estado, id_de_votacion, fecha_de_creacion) VALUES(
    'Titulo 68',
    'Descripción 68',
    'Contenido 68',
    'Propuesto',
    '1',
    '2023-01-25 10:30'
);

-- Sentencia:
INSERT INTO Problema_de_asamblea(titulo, descripcion, contenido, estado, id_de_votacion, fecha_de_creacion) VALUES(
    'Titulo 69',
    'Descripción 69',
    'Contenido 69',
    'Propuesto',
    '1',
    '2023-01-25 10:30'
);

-- Sentencia:
INSERT INTO Problema_de_asamblea(titulo, descripcion, contenido, estado, id_de_votacion, fecha_de_creacion) VALUES(
    'Titulo 70',
    'Descripción 70',
    'Contenido 70',
    'Propuesto',
    '1',
    '2023-01-25 10:30'
);

-- Sentencia:
INSERT INTO Problema_de_asamblea(titulo, descripcion, contenido, estado, id_de_votacion, fecha_de_creacion) VALUES(
    'Titulo 71',
    'Descripción 71',
    'Contenido 71',
    'Propuesto',
    '1',
    '2023-01-25 10:30'
);

-- Sentencia:
INSERT INTO Problema_de_asamblea(titulo, descripcion, contenido, estado, id_de_votacion, fecha_de_creacion) VALUES(
    'Titulo 72',
    'Descripción 72',
    'Contenido 72',
    'Propuesto',
    '1',
    '2023-01-25 10:30'
);

-- Sentencia:
INSERT INTO Problema_de_asamblea(titulo, descripcion, contenido, estado, id_de_votacion, fecha_de_creacion) VALUES(
    'Titulo 73',
    'Descripción 73',
    'Contenido 73',
    'Propuesto',
    '1',
    '2023-01-25 10:30'
);

-- Sentencia:
INSERT INTO Problema_de_asamblea(titulo, descripcion, contenido, estado, id_de_votacion, fecha_de_creacion) VALUES(
    'Titulo 74',
    'Descripción 74',
    'Contenido 74',
    'Propuesto',
    '1',
    '2023-01-25 10:30'
);

-- Sentencia:
INSERT INTO Problema_de_asamblea(titulo, descripcion, contenido, estado, id_de_votacion, fecha_de_creacion) VALUES(
    'Titulo 75',
    'Descripción 75',
    'Contenido 75',
    'Propuesto',
    '1',
    '2023-01-25 10:30'
);

-- Sentencia:
INSERT INTO Problema_de_asamblea(titulo, descripcion, contenido, estado, id_de_votacion, fecha_de_creacion) VALUES(
    'Titulo 76',
    'Descripción 76',
    'Contenido 76',
    'Propuesto',
    '1',
    '2023-01-25 10:30'
);

-- Sentencia:
INSERT INTO Problema_de_asamblea(titulo, descripcion, contenido, estado, id_de_votacion, fecha_de_creacion) VALUES(
    'Titulo 77',
    'Descripción 77',
    'Contenido 77',
    'Propuesto',
    '1',
    '2023-01-25 10:30'
);

-- Sentencia:
INSERT INTO Problema_de_asamblea(titulo, descripcion, contenido, estado, id_de_votacion, fecha_de_creacion) VALUES(
    'Titulo 78',
    'Descripción 78',
    'Contenido 78',
    'Propuesto',
    '1',
    '2023-01-25 10:30'
);

-- Sentencia:
INSERT INTO Problema_de_asamblea(titulo, descripcion, contenido, estado, id_de_votacion, fecha_de_creacion) VALUES(
    'Titulo 79',
    'Descripción 79',
    'Contenido 79',
    'Propuesto',
    '1',
    '2023-01-25 10:30'
);

-- Sentencia:
INSERT INTO Problema_de_asamblea(titulo, descripcion, contenido, estado, id_de_votacion, fecha_de_creacion) VALUES(
    'Titulo 80',
    'Descripción 80',
    'Contenido 80',
    'Propuesto',
    '1',
    '2023-01-25 10:30'
);

-- Sentencia:
INSERT INTO Problema_de_asamblea(titulo, descripcion, contenido, estado, id_de_votacion, fecha_de_creacion) VALUES(
    'Titulo 81',
    'Descripción 81',
    'Contenido 81',
    'Propuesto',
    '1',
    '2023-01-25 10:30'
);

-- Sentencia:
INSERT INTO Problema_de_asamblea(titulo, descripcion, contenido, estado, id_de_votacion, fecha_de_creacion) VALUES(
    'Titulo 82',
    'Descripción 82',
    'Contenido 82',
    'Propuesto',
    '1',
    '2023-01-25 10:30'
);

-- Sentencia:
INSERT INTO Problema_de_asamblea(titulo, descripcion, contenido, estado, id_de_votacion, fecha_de_creacion) VALUES(
    'Titulo 83',
    'Descripción 83',
    'Contenido 83',
    'Propuesto',
    '1',
    '2023-01-25 10:30'
);

-- Sentencia:
INSERT INTO Problema_de_asamblea(titulo, descripcion, contenido, estado, id_de_votacion, fecha_de_creacion) VALUES(
    'Titulo 84',
    'Descripción 84',
    'Contenido 84',
    'Propuesto',
    '1',
    '2023-01-25 10:30'
);

-- Sentencia:
INSERT INTO Problema_de_asamblea(titulo, descripcion, contenido, estado, id_de_votacion, fecha_de_creacion) VALUES(
    'Titulo 85',
    'Descripción 85',
    'Contenido 85',
    'Propuesto',
    '1',
    '2023-01-25 10:30'
);

-- Sentencia:
INSERT INTO Problema_de_asamblea(titulo, descripcion, contenido, estado, id_de_votacion, fecha_de_creacion) VALUES(
    'Titulo 86',
    'Descripción 86',
    'Contenido 86',
    'Propuesto',
    '1',
    '2023-01-25 10:30'
);

-- Sentencia:
INSERT INTO Problema_de_asamblea(titulo, descripcion, contenido, estado, id_de_votacion, fecha_de_creacion) VALUES(
    'Titulo 87',
    'Descripción 87',
    'Contenido 87',
    'Propuesto',
    '1',
    '2023-01-25 10:30'
);

-- Sentencia:
INSERT INTO Problema_de_asamblea(titulo, descripcion, contenido, estado, id_de_votacion, fecha_de_creacion) VALUES(
    'Titulo 88',
    'Descripción 88',
    'Contenido 88',
    'Propuesto',
    '1',
    '2023-01-25 10:30'
);

-- Sentencia:
INSERT INTO Problema_de_asamblea(titulo, descripcion, contenido, estado, id_de_votacion, fecha_de_creacion) VALUES(
    'Titulo 89',
    'Descripción 89',
    'Contenido 89',
    'Propuesto',
    '1',
    '2023-01-25 10:30'
);

-- Sentencia:
INSERT INTO Problema_de_asamblea(titulo, descripcion, contenido, estado, id_de_votacion, fecha_de_creacion) VALUES(
    'Titulo 90',
    'Descripción 90',
    'Contenido 90',
    'Propuesto',
    '1',
    '2023-01-25 10:30'
);

-- Sentencia:
INSERT INTO Problema_de_asamblea(titulo, descripcion, contenido, estado, id_de_votacion, fecha_de_creacion) VALUES(
    'Titulo 91',
    'Descripción 91',
    'Contenido 91',
    'Propuesto',
    '1',
    '2023-01-25 10:30'
);

-- Sentencia:
INSERT INTO Problema_de_asamblea(titulo, descripcion, contenido, estado, id_de_votacion, fecha_de_creacion) VALUES(
    'Titulo 92',
    'Descripción 92',
    'Contenido 92',
    'Propuesto',
    '1',
    '2023-01-25 10:30'
);

-- Sentencia:
INSERT INTO Problema_de_asamblea(titulo, descripcion, contenido, estado, id_de_votacion, fecha_de_creacion) VALUES(
    'Titulo 93',
    'Descripción 93',
    'Contenido 93',
    'Propuesto',
    '1',
    '2023-01-25 10:30'
);

-- Sentencia:
INSERT INTO Problema_de_asamblea(titulo, descripcion, contenido, estado, id_de_votacion, fecha_de_creacion) VALUES(
    'Titulo 94',
    'Descripción 94',
    'Contenido 94',
    'Propuesto',
    '1',
    '2023-01-25 10:30'
);

-- Sentencia:
INSERT INTO Problema_de_asamblea(titulo, descripcion, contenido, estado, id_de_votacion, fecha_de_creacion) VALUES(
    'Titulo 95',
    'Descripción 95',
    'Contenido 95',
    'Propuesto',
    '1',
    '2023-01-25 10:30'
);

-- Sentencia:
INSERT INTO Problema_de_asamblea(titulo, descripcion, contenido, estado, id_de_votacion, fecha_de_creacion) VALUES(
    'Titulo 96',
    'Descripción 96',
    'Contenido 96',
    'Propuesto',
    '1',
    '2023-01-25 10:30'
);

-- Sentencia:
INSERT INTO Problema_de_asamblea(titulo, descripcion, contenido, estado, id_de_votacion, fecha_de_creacion) VALUES(
    'Titulo 97',
    'Descripción 97',
    'Contenido 97',
    'Propuesto',
    '1',
    '2023-01-25 10:30'
);

-- Sentencia:
INSERT INTO Problema_de_asamblea(titulo, descripcion, contenido, estado, id_de_votacion, fecha_de_creacion) VALUES(
    'Titulo 98',
    'Descripción 98',
    'Contenido 98',
    'Propuesto',
    '1',
    '2023-01-25 10:30'
);

-- Sentencia:
INSERT INTO Problema_de_asamblea(titulo, descripcion, contenido, estado, id_de_votacion, fecha_de_creacion) VALUES(
    'Titulo 99',
    'Descripción 99',
    'Contenido 99',
    'Propuesto',
    '1',
    '2023-01-25 10:30'
);

-- Sentencia:
INSERT INTO Solucion_de_asamblea(titulo, descripcion, contenido, estado, id_de_votacion, fecha_de_creacion) VALUES(
    'Titulo 0',
    'Descripción 0',
    'Contenido 0',
    'Propuesto',
    '1',
    '2023-01-25 10:30'
);

-- Sentencia:
INSERT INTO Solucion_de_asamblea(titulo, descripcion, contenido, estado, id_de_votacion, fecha_de_creacion) VALUES(
    'Titulo 1',
    'Descripción 1',
    'Contenido 1',
    'Propuesto',
    '1',
    '2023-01-25 10:30'
);

-- Sentencia:
INSERT INTO Solucion_de_asamblea(titulo, descripcion, contenido, estado, id_de_votacion, fecha_de_creacion) VALUES(
    'Titulo 2',
    'Descripción 2',
    'Contenido 2',
    'Propuesto',
    '1',
    '2023-01-25 10:30'
);

-- Sentencia:
INSERT INTO Solucion_de_asamblea(titulo, descripcion, contenido, estado, id_de_votacion, fecha_de_creacion) VALUES(
    'Titulo 3',
    'Descripción 3',
    'Contenido 3',
    'Propuesto',
    '1',
    '2023-01-25 10:30'
);

-- Sentencia:
INSERT INTO Solucion_de_asamblea(titulo, descripcion, contenido, estado, id_de_votacion, fecha_de_creacion) VALUES(
    'Titulo 4',
    'Descripción 4',
    'Contenido 4',
    'Propuesto',
    '1',
    '2023-01-25 10:30'
);

-- Sentencia:
INSERT INTO Solucion_de_asamblea(titulo, descripcion, contenido, estado, id_de_votacion, fecha_de_creacion) VALUES(
    'Titulo 5',
    'Descripción 5',
    'Contenido 5',
    'Propuesto',
    '1',
    '2023-01-25 10:30'
);

-- Sentencia:
INSERT INTO Solucion_de_asamblea(titulo, descripcion, contenido, estado, id_de_votacion, fecha_de_creacion) VALUES(
    'Titulo 6',
    'Descripción 6',
    'Contenido 6',
    'Propuesto',
    '1',
    '2023-01-25 10:30'
);

-- Sentencia:
INSERT INTO Solucion_de_asamblea(titulo, descripcion, contenido, estado, id_de_votacion, fecha_de_creacion) VALUES(
    'Titulo 7',
    'Descripción 7',
    'Contenido 7',
    'Propuesto',
    '1',
    '2023-01-25 10:30'
);

-- Sentencia:
INSERT INTO Solucion_de_asamblea(titulo, descripcion, contenido, estado, id_de_votacion, fecha_de_creacion) VALUES(
    'Titulo 8',
    'Descripción 8',
    'Contenido 8',
    'Propuesto',
    '1',
    '2023-01-25 10:30'
);

-- Sentencia:
INSERT INTO Solucion_de_asamblea(titulo, descripcion, contenido, estado, id_de_votacion, fecha_de_creacion) VALUES(
    'Titulo 9',
    'Descripción 9',
    'Contenido 9',
    'Propuesto',
    '1',
    '2023-01-25 10:30'
);

-- Sentencia:
INSERT INTO Solucion_de_asamblea(titulo, descripcion, contenido, estado, id_de_votacion, fecha_de_creacion) VALUES(
    'Titulo 10',
    'Descripción 10',
    'Contenido 10',
    'Propuesto',
    '1',
    '2023-01-25 10:30'
);

-- Sentencia:
INSERT INTO Solucion_de_asamblea(titulo, descripcion, contenido, estado, id_de_votacion, fecha_de_creacion) VALUES(
    'Titulo 11',
    'Descripción 11',
    'Contenido 11',
    'Propuesto',
    '1',
    '2023-01-25 10:30'
);

-- Sentencia:
INSERT INTO Solucion_de_asamblea(titulo, descripcion, contenido, estado, id_de_votacion, fecha_de_creacion) VALUES(
    'Titulo 12',
    'Descripción 12',
    'Contenido 12',
    'Propuesto',
    '1',
    '2023-01-25 10:30'
);

-- Sentencia:
INSERT INTO Solucion_de_asamblea(titulo, descripcion, contenido, estado, id_de_votacion, fecha_de_creacion) VALUES(
    'Titulo 13',
    'Descripción 13',
    'Contenido 13',
    'Propuesto',
    '1',
    '2023-01-25 10:30'
);

-- Sentencia:
INSERT INTO Solucion_de_asamblea(titulo, descripcion, contenido, estado, id_de_votacion, fecha_de_creacion) VALUES(
    'Titulo 14',
    'Descripción 14',
    'Contenido 14',
    'Propuesto',
    '1',
    '2023-01-25 10:30'
);

-- Sentencia:
INSERT INTO Solucion_de_asamblea(titulo, descripcion, contenido, estado, id_de_votacion, fecha_de_creacion) VALUES(
    'Titulo 15',
    'Descripción 15',
    'Contenido 15',
    'Propuesto',
    '1',
    '2023-01-25 10:30'
);

-- Sentencia:
INSERT INTO Solucion_de_asamblea(titulo, descripcion, contenido, estado, id_de_votacion, fecha_de_creacion) VALUES(
    'Titulo 16',
    'Descripción 16',
    'Contenido 16',
    'Propuesto',
    '1',
    '2023-01-25 10:30'
);

-- Sentencia:
INSERT INTO Solucion_de_asamblea(titulo, descripcion, contenido, estado, id_de_votacion, fecha_de_creacion) VALUES(
    'Titulo 17',
    'Descripción 17',
    'Contenido 17',
    'Propuesto',
    '1',
    '2023-01-25 10:30'
);

-- Sentencia:
INSERT INTO Solucion_de_asamblea(titulo, descripcion, contenido, estado, id_de_votacion, fecha_de_creacion) VALUES(
    'Titulo 18',
    'Descripción 18',
    'Contenido 18',
    'Propuesto',
    '1',
    '2023-01-25 10:30'
);

-- Sentencia:
INSERT INTO Solucion_de_asamblea(titulo, descripcion, contenido, estado, id_de_votacion, fecha_de_creacion) VALUES(
    'Titulo 19',
    'Descripción 19',
    'Contenido 19',
    'Propuesto',
    '1',
    '2023-01-25 10:30'
);

-- Sentencia:
INSERT INTO Solucion_de_asamblea(titulo, descripcion, contenido, estado, id_de_votacion, fecha_de_creacion) VALUES(
    'Titulo 20',
    'Descripción 20',
    'Contenido 20',
    'Propuesto',
    '1',
    '2023-01-25 10:30'
);

-- Sentencia:
INSERT INTO Solucion_de_asamblea(titulo, descripcion, contenido, estado, id_de_votacion, fecha_de_creacion) VALUES(
    'Titulo 21',
    'Descripción 21',
    'Contenido 21',
    'Propuesto',
    '1',
    '2023-01-25 10:30'
);

-- Sentencia:
INSERT INTO Solucion_de_asamblea(titulo, descripcion, contenido, estado, id_de_votacion, fecha_de_creacion) VALUES(
    'Titulo 22',
    'Descripción 22',
    'Contenido 22',
    'Propuesto',
    '1',
    '2023-01-25 10:30'
);

-- Sentencia:
INSERT INTO Solucion_de_asamblea(titulo, descripcion, contenido, estado, id_de_votacion, fecha_de_creacion) VALUES(
    'Titulo 23',
    'Descripción 23',
    'Contenido 23',
    'Propuesto',
    '1',
    '2023-01-25 10:30'
);

-- Sentencia:
INSERT INTO Solucion_de_asamblea(titulo, descripcion, contenido, estado, id_de_votacion, fecha_de_creacion) VALUES(
    'Titulo 24',
    'Descripción 24',
    'Contenido 24',
    'Propuesto',
    '1',
    '2023-01-25 10:30'
);

-- Sentencia:
INSERT INTO Solucion_de_asamblea(titulo, descripcion, contenido, estado, id_de_votacion, fecha_de_creacion) VALUES(
    'Titulo 25',
    'Descripción 25',
    'Contenido 25',
    'Propuesto',
    '1',
    '2023-01-25 10:30'
);

-- Sentencia:
INSERT INTO Solucion_de_asamblea(titulo, descripcion, contenido, estado, id_de_votacion, fecha_de_creacion) VALUES(
    'Titulo 26',
    'Descripción 26',
    'Contenido 26',
    'Propuesto',
    '1',
    '2023-01-25 10:30'
);

-- Sentencia:
INSERT INTO Solucion_de_asamblea(titulo, descripcion, contenido, estado, id_de_votacion, fecha_de_creacion) VALUES(
    'Titulo 27',
    'Descripción 27',
    'Contenido 27',
    'Propuesto',
    '1',
    '2023-01-25 10:30'
);

-- Sentencia:
INSERT INTO Solucion_de_asamblea(titulo, descripcion, contenido, estado, id_de_votacion, fecha_de_creacion) VALUES(
    'Titulo 28',
    'Descripción 28',
    'Contenido 28',
    'Propuesto',
    '1',
    '2023-01-25 10:30'
);

-- Sentencia:
INSERT INTO Solucion_de_asamblea(titulo, descripcion, contenido, estado, id_de_votacion, fecha_de_creacion) VALUES(
    'Titulo 29',
    'Descripción 29',
    'Contenido 29',
    'Propuesto',
    '1',
    '2023-01-25 10:30'
);

-- Sentencia:
INSERT INTO Solucion_de_asamblea(titulo, descripcion, contenido, estado, id_de_votacion, fecha_de_creacion) VALUES(
    'Titulo 30',
    'Descripción 30',
    'Contenido 30',
    'Propuesto',
    '1',
    '2023-01-25 10:30'
);

-- Sentencia:
INSERT INTO Solucion_de_asamblea(titulo, descripcion, contenido, estado, id_de_votacion, fecha_de_creacion) VALUES(
    'Titulo 31',
    'Descripción 31',
    'Contenido 31',
    'Propuesto',
    '1',
    '2023-01-25 10:30'
);

-- Sentencia:
INSERT INTO Solucion_de_asamblea(titulo, descripcion, contenido, estado, id_de_votacion, fecha_de_creacion) VALUES(
    'Titulo 32',
    'Descripción 32',
    'Contenido 32',
    'Propuesto',
    '1',
    '2023-01-25 10:30'
);

-- Sentencia:
INSERT INTO Solucion_de_asamblea(titulo, descripcion, contenido, estado, id_de_votacion, fecha_de_creacion) VALUES(
    'Titulo 33',
    'Descripción 33',
    'Contenido 33',
    'Propuesto',
    '1',
    '2023-01-25 10:30'
);

-- Sentencia:
INSERT INTO Solucion_de_asamblea(titulo, descripcion, contenido, estado, id_de_votacion, fecha_de_creacion) VALUES(
    'Titulo 34',
    'Descripción 34',
    'Contenido 34',
    'Propuesto',
    '1',
    '2023-01-25 10:30'
);

-- Sentencia:
INSERT INTO Solucion_de_asamblea(titulo, descripcion, contenido, estado, id_de_votacion, fecha_de_creacion) VALUES(
    'Titulo 35',
    'Descripción 35',
    'Contenido 35',
    'Propuesto',
    '1',
    '2023-01-25 10:30'
);

-- Sentencia:
INSERT INTO Solucion_de_asamblea(titulo, descripcion, contenido, estado, id_de_votacion, fecha_de_creacion) VALUES(
    'Titulo 36',
    'Descripción 36',
    'Contenido 36',
    'Propuesto',
    '1',
    '2023-01-25 10:30'
);

-- Sentencia:
INSERT INTO Solucion_de_asamblea(titulo, descripcion, contenido, estado, id_de_votacion, fecha_de_creacion) VALUES(
    'Titulo 37',
    'Descripción 37',
    'Contenido 37',
    'Propuesto',
    '1',
    '2023-01-25 10:30'
);

-- Sentencia:
INSERT INTO Solucion_de_asamblea(titulo, descripcion, contenido, estado, id_de_votacion, fecha_de_creacion) VALUES(
    'Titulo 38',
    'Descripción 38',
    'Contenido 38',
    'Propuesto',
    '1',
    '2023-01-25 10:30'
);

-- Sentencia:
INSERT INTO Solucion_de_asamblea(titulo, descripcion, contenido, estado, id_de_votacion, fecha_de_creacion) VALUES(
    'Titulo 39',
    'Descripción 39',
    'Contenido 39',
    'Propuesto',
    '1',
    '2023-01-25 10:30'
);

-- Sentencia:
INSERT INTO Solucion_de_asamblea(titulo, descripcion, contenido, estado, id_de_votacion, fecha_de_creacion) VALUES(
    'Titulo 40',
    'Descripción 40',
    'Contenido 40',
    'Propuesto',
    '1',
    '2023-01-25 10:30'
);

-- Sentencia:
INSERT INTO Solucion_de_asamblea(titulo, descripcion, contenido, estado, id_de_votacion, fecha_de_creacion) VALUES(
    'Titulo 41',
    'Descripción 41',
    'Contenido 41',
    'Propuesto',
    '1',
    '2023-01-25 10:30'
);

-- Sentencia:
INSERT INTO Solucion_de_asamblea(titulo, descripcion, contenido, estado, id_de_votacion, fecha_de_creacion) VALUES(
    'Titulo 42',
    'Descripción 42',
    'Contenido 42',
    'Propuesto',
    '1',
    '2023-01-25 10:30'
);

-- Sentencia:
INSERT INTO Solucion_de_asamblea(titulo, descripcion, contenido, estado, id_de_votacion, fecha_de_creacion) VALUES(
    'Titulo 43',
    'Descripción 43',
    'Contenido 43',
    'Propuesto',
    '1',
    '2023-01-25 10:30'
);

-- Sentencia:
INSERT INTO Solucion_de_asamblea(titulo, descripcion, contenido, estado, id_de_votacion, fecha_de_creacion) VALUES(
    'Titulo 44',
    'Descripción 44',
    'Contenido 44',
    'Propuesto',
    '1',
    '2023-01-25 10:30'
);

-- Sentencia:
INSERT INTO Solucion_de_asamblea(titulo, descripcion, contenido, estado, id_de_votacion, fecha_de_creacion) VALUES(
    'Titulo 45',
    'Descripción 45',
    'Contenido 45',
    'Propuesto',
    '1',
    '2023-01-25 10:30'
);

-- Sentencia:
INSERT INTO Solucion_de_asamblea(titulo, descripcion, contenido, estado, id_de_votacion, fecha_de_creacion) VALUES(
    'Titulo 46',
    'Descripción 46',
    'Contenido 46',
    'Propuesto',
    '1',
    '2023-01-25 10:30'
);

-- Sentencia:
INSERT INTO Solucion_de_asamblea(titulo, descripcion, contenido, estado, id_de_votacion, fecha_de_creacion) VALUES(
    'Titulo 47',
    'Descripción 47',
    'Contenido 47',
    'Propuesto',
    '1',
    '2023-01-25 10:30'
);

-- Sentencia:
INSERT INTO Solucion_de_asamblea(titulo, descripcion, contenido, estado, id_de_votacion, fecha_de_creacion) VALUES(
    'Titulo 48',
    'Descripción 48',
    'Contenido 48',
    'Propuesto',
    '1',
    '2023-01-25 10:30'
);

-- Sentencia:
INSERT INTO Solucion_de_asamblea(titulo, descripcion, contenido, estado, id_de_votacion, fecha_de_creacion) VALUES(
    'Titulo 49',
    'Descripción 49',
    'Contenido 49',
    'Propuesto',
    '1',
    '2023-01-25 10:30'
);

-- Sentencia:
INSERT INTO Solucion_de_asamblea(titulo, descripcion, contenido, estado, id_de_votacion, fecha_de_creacion) VALUES(
    'Titulo 50',
    'Descripción 50',
    'Contenido 50',
    'Propuesto',
    '1',
    '2023-01-25 10:30'
);

-- Sentencia:
INSERT INTO Solucion_de_asamblea(titulo, descripcion, contenido, estado, id_de_votacion, fecha_de_creacion) VALUES(
    'Titulo 51',
    'Descripción 51',
    'Contenido 51',
    'Propuesto',
    '1',
    '2023-01-25 10:30'
);

-- Sentencia:
INSERT INTO Solucion_de_asamblea(titulo, descripcion, contenido, estado, id_de_votacion, fecha_de_creacion) VALUES(
    'Titulo 52',
    'Descripción 52',
    'Contenido 52',
    'Propuesto',
    '1',
    '2023-01-25 10:30'
);

-- Sentencia:
INSERT INTO Solucion_de_asamblea(titulo, descripcion, contenido, estado, id_de_votacion, fecha_de_creacion) VALUES(
    'Titulo 53',
    'Descripción 53',
    'Contenido 53',
    'Propuesto',
    '1',
    '2023-01-25 10:30'
);

-- Sentencia:
INSERT INTO Solucion_de_asamblea(titulo, descripcion, contenido, estado, id_de_votacion, fecha_de_creacion) VALUES(
    'Titulo 54',
    'Descripción 54',
    'Contenido 54',
    'Propuesto',
    '1',
    '2023-01-25 10:30'
);

-- Sentencia:
INSERT INTO Solucion_de_asamblea(titulo, descripcion, contenido, estado, id_de_votacion, fecha_de_creacion) VALUES(
    'Titulo 55',
    'Descripción 55',
    'Contenido 55',
    'Propuesto',
    '1',
    '2023-01-25 10:30'
);

-- Sentencia:
INSERT INTO Solucion_de_asamblea(titulo, descripcion, contenido, estado, id_de_votacion, fecha_de_creacion) VALUES(
    'Titulo 56',
    'Descripción 56',
    'Contenido 56',
    'Propuesto',
    '1',
    '2023-01-25 10:30'
);

-- Sentencia:
INSERT INTO Solucion_de_asamblea(titulo, descripcion, contenido, estado, id_de_votacion, fecha_de_creacion) VALUES(
    'Titulo 57',
    'Descripción 57',
    'Contenido 57',
    'Propuesto',
    '1',
    '2023-01-25 10:30'
);

-- Sentencia:
INSERT INTO Solucion_de_asamblea(titulo, descripcion, contenido, estado, id_de_votacion, fecha_de_creacion) VALUES(
    'Titulo 58',
    'Descripción 58',
    'Contenido 58',
    'Propuesto',
    '1',
    '2023-01-25 10:30'
);

-- Sentencia:
INSERT INTO Solucion_de_asamblea(titulo, descripcion, contenido, estado, id_de_votacion, fecha_de_creacion) VALUES(
    'Titulo 59',
    'Descripción 59',
    'Contenido 59',
    'Propuesto',
    '1',
    '2023-01-25 10:30'
);

-- Sentencia:
INSERT INTO Solucion_de_asamblea(titulo, descripcion, contenido, estado, id_de_votacion, fecha_de_creacion) VALUES(
    'Titulo 60',
    'Descripción 60',
    'Contenido 60',
    'Propuesto',
    '1',
    '2023-01-25 10:30'
);

-- Sentencia:
INSERT INTO Solucion_de_asamblea(titulo, descripcion, contenido, estado, id_de_votacion, fecha_de_creacion) VALUES(
    'Titulo 61',
    'Descripción 61',
    'Contenido 61',
    'Propuesto',
    '1',
    '2023-01-25 10:30'
);

-- Sentencia:
INSERT INTO Solucion_de_asamblea(titulo, descripcion, contenido, estado, id_de_votacion, fecha_de_creacion) VALUES(
    'Titulo 62',
    'Descripción 62',
    'Contenido 62',
    'Propuesto',
    '1',
    '2023-01-25 10:30'
);

-- Sentencia:
INSERT INTO Solucion_de_asamblea(titulo, descripcion, contenido, estado, id_de_votacion, fecha_de_creacion) VALUES(
    'Titulo 63',
    'Descripción 63',
    'Contenido 63',
    'Propuesto',
    '1',
    '2023-01-25 10:30'
);

-- Sentencia:
INSERT INTO Solucion_de_asamblea(titulo, descripcion, contenido, estado, id_de_votacion, fecha_de_creacion) VALUES(
    'Titulo 64',
    'Descripción 64',
    'Contenido 64',
    'Propuesto',
    '1',
    '2023-01-25 10:30'
);

-- Sentencia:
INSERT INTO Solucion_de_asamblea(titulo, descripcion, contenido, estado, id_de_votacion, fecha_de_creacion) VALUES(
    'Titulo 65',
    'Descripción 65',
    'Contenido 65',
    'Propuesto',
    '1',
    '2023-01-25 10:30'
);

-- Sentencia:
INSERT INTO Solucion_de_asamblea(titulo, descripcion, contenido, estado, id_de_votacion, fecha_de_creacion) VALUES(
    'Titulo 66',
    'Descripción 66',
    'Contenido 66',
    'Propuesto',
    '1',
    '2023-01-25 10:30'
);

-- Sentencia:
INSERT INTO Solucion_de_asamblea(titulo, descripcion, contenido, estado, id_de_votacion, fecha_de_creacion) VALUES(
    'Titulo 67',
    'Descripción 67',
    'Contenido 67',
    'Propuesto',
    '1',
    '2023-01-25 10:30'
);

-- Sentencia:
INSERT INTO Solucion_de_asamblea(titulo, descripcion, contenido, estado, id_de_votacion, fecha_de_creacion) VALUES(
    'Titulo 68',
    'Descripción 68',
    'Contenido 68',
    'Propuesto',
    '1',
    '2023-01-25 10:30'
);

-- Sentencia:
INSERT INTO Solucion_de_asamblea(titulo, descripcion, contenido, estado, id_de_votacion, fecha_de_creacion) VALUES(
    'Titulo 69',
    'Descripción 69',
    'Contenido 69',
    'Propuesto',
    '1',
    '2023-01-25 10:30'
);

-- Sentencia:
INSERT INTO Solucion_de_asamblea(titulo, descripcion, contenido, estado, id_de_votacion, fecha_de_creacion) VALUES(
    'Titulo 70',
    'Descripción 70',
    'Contenido 70',
    'Propuesto',
    '1',
    '2023-01-25 10:30'
);

-- Sentencia:
INSERT INTO Solucion_de_asamblea(titulo, descripcion, contenido, estado, id_de_votacion, fecha_de_creacion) VALUES(
    'Titulo 71',
    'Descripción 71',
    'Contenido 71',
    'Propuesto',
    '1',
    '2023-01-25 10:30'
);

-- Sentencia:
INSERT INTO Solucion_de_asamblea(titulo, descripcion, contenido, estado, id_de_votacion, fecha_de_creacion) VALUES(
    'Titulo 72',
    'Descripción 72',
    'Contenido 72',
    'Propuesto',
    '1',
    '2023-01-25 10:30'
);

-- Sentencia:
INSERT INTO Solucion_de_asamblea(titulo, descripcion, contenido, estado, id_de_votacion, fecha_de_creacion) VALUES(
    'Titulo 73',
    'Descripción 73',
    'Contenido 73',
    'Propuesto',
    '1',
    '2023-01-25 10:30'
);

-- Sentencia:
INSERT INTO Solucion_de_asamblea(titulo, descripcion, contenido, estado, id_de_votacion, fecha_de_creacion) VALUES(
    'Titulo 74',
    'Descripción 74',
    'Contenido 74',
    'Propuesto',
    '1',
    '2023-01-25 10:30'
);

-- Sentencia:
INSERT INTO Solucion_de_asamblea(titulo, descripcion, contenido, estado, id_de_votacion, fecha_de_creacion) VALUES(
    'Titulo 75',
    'Descripción 75',
    'Contenido 75',
    'Propuesto',
    '1',
    '2023-01-25 10:30'
);

-- Sentencia:
INSERT INTO Solucion_de_asamblea(titulo, descripcion, contenido, estado, id_de_votacion, fecha_de_creacion) VALUES(
    'Titulo 76',
    'Descripción 76',
    'Contenido 76',
    'Propuesto',
    '1',
    '2023-01-25 10:30'
);

-- Sentencia:
INSERT INTO Solucion_de_asamblea(titulo, descripcion, contenido, estado, id_de_votacion, fecha_de_creacion) VALUES(
    'Titulo 77',
    'Descripción 77',
    'Contenido 77',
    'Propuesto',
    '1',
    '2023-01-25 10:30'
);

-- Sentencia:
INSERT INTO Solucion_de_asamblea(titulo, descripcion, contenido, estado, id_de_votacion, fecha_de_creacion) VALUES(
    'Titulo 78',
    'Descripción 78',
    'Contenido 78',
    'Propuesto',
    '1',
    '2023-01-25 10:30'
);

-- Sentencia:
INSERT INTO Solucion_de_asamblea(titulo, descripcion, contenido, estado, id_de_votacion, fecha_de_creacion) VALUES(
    'Titulo 79',
    'Descripción 79',
    'Contenido 79',
    'Propuesto',
    '1',
    '2023-01-25 10:30'
);

-- Sentencia:
INSERT INTO Solucion_de_asamblea(titulo, descripcion, contenido, estado, id_de_votacion, fecha_de_creacion) VALUES(
    'Titulo 80',
    'Descripción 80',
    'Contenido 80',
    'Propuesto',
    '1',
    '2023-01-25 10:30'
);

-- Sentencia:
INSERT INTO Solucion_de_asamblea(titulo, descripcion, contenido, estado, id_de_votacion, fecha_de_creacion) VALUES(
    'Titulo 81',
    'Descripción 81',
    'Contenido 81',
    'Propuesto',
    '1',
    '2023-01-25 10:30'
);

-- Sentencia:
INSERT INTO Solucion_de_asamblea(titulo, descripcion, contenido, estado, id_de_votacion, fecha_de_creacion) VALUES(
    'Titulo 82',
    'Descripción 82',
    'Contenido 82',
    'Propuesto',
    '1',
    '2023-01-25 10:30'
);

-- Sentencia:
INSERT INTO Solucion_de_asamblea(titulo, descripcion, contenido, estado, id_de_votacion, fecha_de_creacion) VALUES(
    'Titulo 83',
    'Descripción 83',
    'Contenido 83',
    'Propuesto',
    '1',
    '2023-01-25 10:30'
);

-- Sentencia:
INSERT INTO Solucion_de_asamblea(titulo, descripcion, contenido, estado, id_de_votacion, fecha_de_creacion) VALUES(
    'Titulo 84',
    'Descripción 84',
    'Contenido 84',
    'Propuesto',
    '1',
    '2023-01-25 10:30'
);

-- Sentencia:
INSERT INTO Solucion_de_asamblea(titulo, descripcion, contenido, estado, id_de_votacion, fecha_de_creacion) VALUES(
    'Titulo 85',
    'Descripción 85',
    'Contenido 85',
    'Propuesto',
    '1',
    '2023-01-25 10:30'
);

-- Sentencia:
INSERT INTO Solucion_de_asamblea(titulo, descripcion, contenido, estado, id_de_votacion, fecha_de_creacion) VALUES(
    'Titulo 86',
    'Descripción 86',
    'Contenido 86',
    'Propuesto',
    '1',
    '2023-01-25 10:30'
);

-- Sentencia:
INSERT INTO Solucion_de_asamblea(titulo, descripcion, contenido, estado, id_de_votacion, fecha_de_creacion) VALUES(
    'Titulo 87',
    'Descripción 87',
    'Contenido 87',
    'Propuesto',
    '1',
    '2023-01-25 10:30'
);

-- Sentencia:
INSERT INTO Solucion_de_asamblea(titulo, descripcion, contenido, estado, id_de_votacion, fecha_de_creacion) VALUES(
    'Titulo 88',
    'Descripción 88',
    'Contenido 88',
    'Propuesto',
    '1',
    '2023-01-25 10:30'
);

-- Sentencia:
INSERT INTO Solucion_de_asamblea(titulo, descripcion, contenido, estado, id_de_votacion, fecha_de_creacion) VALUES(
    'Titulo 89',
    'Descripción 89',
    'Contenido 89',
    'Propuesto',
    '1',
    '2023-01-25 10:30'
);

-- Sentencia:
INSERT INTO Solucion_de_asamblea(titulo, descripcion, contenido, estado, id_de_votacion, fecha_de_creacion) VALUES(
    'Titulo 90',
    'Descripción 90',
    'Contenido 90',
    'Propuesto',
    '1',
    '2023-01-25 10:30'
);

-- Sentencia:
INSERT INTO Solucion_de_asamblea(titulo, descripcion, contenido, estado, id_de_votacion, fecha_de_creacion) VALUES(
    'Titulo 91',
    'Descripción 91',
    'Contenido 91',
    'Propuesto',
    '1',
    '2023-01-25 10:30'
);

-- Sentencia:
INSERT INTO Solucion_de_asamblea(titulo, descripcion, contenido, estado, id_de_votacion, fecha_de_creacion) VALUES(
    'Titulo 92',
    'Descripción 92',
    'Contenido 92',
    'Propuesto',
    '1',
    '2023-01-25 10:30'
);

-- Sentencia:
INSERT INTO Solucion_de_asamblea(titulo, descripcion, contenido, estado, id_de_votacion, fecha_de_creacion) VALUES(
    'Titulo 93',
    'Descripción 93',
    'Contenido 93',
    'Propuesto',
    '1',
    '2023-01-25 10:30'
);

-- Sentencia:
INSERT INTO Solucion_de_asamblea(titulo, descripcion, contenido, estado, id_de_votacion, fecha_de_creacion) VALUES(
    'Titulo 94',
    'Descripción 94',
    'Contenido 94',
    'Propuesto',
    '1',
    '2023-01-25 10:30'
);

-- Sentencia:
INSERT INTO Solucion_de_asamblea(titulo, descripcion, contenido, estado, id_de_votacion, fecha_de_creacion) VALUES(
    'Titulo 95',
    'Descripción 95',
    'Contenido 95',
    'Propuesto',
    '1',
    '2023-01-25 10:30'
);

-- Sentencia:
INSERT INTO Solucion_de_asamblea(titulo, descripcion, contenido, estado, id_de_votacion, fecha_de_creacion) VALUES(
    'Titulo 96',
    'Descripción 96',
    'Contenido 96',
    'Propuesto',
    '1',
    '2023-01-25 10:30'
);

-- Sentencia:
INSERT INTO Solucion_de_asamblea(titulo, descripcion, contenido, estado, id_de_votacion, fecha_de_creacion) VALUES(
    'Titulo 97',
    'Descripción 97',
    'Contenido 97',
    'Propuesto',
    '1',
    '2023-01-25 10:30'
);

-- Sentencia:
INSERT INTO Solucion_de_asamblea(titulo, descripcion, contenido, estado, id_de_votacion, fecha_de_creacion) VALUES(
    'Titulo 98',
    'Descripción 98',
    'Contenido 98',
    'Propuesto',
    '1',
    '2023-01-25 10:30'
);

-- Sentencia:
INSERT INTO Solucion_de_asamblea(titulo, descripcion, contenido, estado, id_de_votacion, fecha_de_creacion) VALUES(
    'Titulo 99',
    'Descripción 99',
    'Contenido 99',
    'Propuesto',
    '1',
    '2023-01-25 10:30'
);

-- Sentencia:
INSERT INTO Implementacion_de_asamblea(titulo, descripcion, contenido, estado, id_de_votacion, fecha_de_creacion) VALUES(
    'Titulo 0',
    'Descripción 0',
    'Contenido 0',
    'Propuesto',
    '1',
    '2023-01-25 10:30'
);

-- Sentencia:
INSERT INTO Implementacion_de_asamblea(titulo, descripcion, contenido, estado, id_de_votacion, fecha_de_creacion) VALUES(
    'Titulo 1',
    'Descripción 1',
    'Contenido 1',
    'Propuesto',
    '1',
    '2023-01-25 10:30'
);

-- Sentencia:
INSERT INTO Implementacion_de_asamblea(titulo, descripcion, contenido, estado, id_de_votacion, fecha_de_creacion) VALUES(
    'Titulo 2',
    'Descripción 2',
    'Contenido 2',
    'Propuesto',
    '1',
    '2023-01-25 10:30'
);

-- Sentencia:
INSERT INTO Implementacion_de_asamblea(titulo, descripcion, contenido, estado, id_de_votacion, fecha_de_creacion) VALUES(
    'Titulo 3',
    'Descripción 3',
    'Contenido 3',
    'Propuesto',
    '1',
    '2023-01-25 10:30'
);

-- Sentencia:
INSERT INTO Implementacion_de_asamblea(titulo, descripcion, contenido, estado, id_de_votacion, fecha_de_creacion) VALUES(
    'Titulo 4',
    'Descripción 4',
    'Contenido 4',
    'Propuesto',
    '1',
    '2023-01-25 10:30'
);

-- Sentencia:
INSERT INTO Implementacion_de_asamblea(titulo, descripcion, contenido, estado, id_de_votacion, fecha_de_creacion) VALUES(
    'Titulo 5',
    'Descripción 5',
    'Contenido 5',
    'Propuesto',
    '1',
    '2023-01-25 10:30'
);

-- Sentencia:
INSERT INTO Implementacion_de_asamblea(titulo, descripcion, contenido, estado, id_de_votacion, fecha_de_creacion) VALUES(
    'Titulo 6',
    'Descripción 6',
    'Contenido 6',
    'Propuesto',
    '1',
    '2023-01-25 10:30'
);

-- Sentencia:
INSERT INTO Implementacion_de_asamblea(titulo, descripcion, contenido, estado, id_de_votacion, fecha_de_creacion) VALUES(
    'Titulo 7',
    'Descripción 7',
    'Contenido 7',
    'Propuesto',
    '1',
    '2023-01-25 10:30'
);

-- Sentencia:
INSERT INTO Implementacion_de_asamblea(titulo, descripcion, contenido, estado, id_de_votacion, fecha_de_creacion) VALUES(
    'Titulo 8',
    'Descripción 8',
    'Contenido 8',
    'Propuesto',
    '1',
    '2023-01-25 10:30'
);

-- Sentencia:
INSERT INTO Implementacion_de_asamblea(titulo, descripcion, contenido, estado, id_de_votacion, fecha_de_creacion) VALUES(
    'Titulo 9',
    'Descripción 9',
    'Contenido 9',
    'Propuesto',
    '1',
    '2023-01-25 10:30'
);

-- Sentencia:
INSERT INTO Implementacion_de_asamblea(titulo, descripcion, contenido, estado, id_de_votacion, fecha_de_creacion) VALUES(
    'Titulo 10',
    'Descripción 10',
    'Contenido 10',
    'Propuesto',
    '1',
    '2023-01-25 10:30'
);

-- Sentencia:
INSERT INTO Implementacion_de_asamblea(titulo, descripcion, contenido, estado, id_de_votacion, fecha_de_creacion) VALUES(
    'Titulo 11',
    'Descripción 11',
    'Contenido 11',
    'Propuesto',
    '1',
    '2023-01-25 10:30'
);

-- Sentencia:
INSERT INTO Implementacion_de_asamblea(titulo, descripcion, contenido, estado, id_de_votacion, fecha_de_creacion) VALUES(
    'Titulo 12',
    'Descripción 12',
    'Contenido 12',
    'Propuesto',
    '1',
    '2023-01-25 10:30'
);

-- Sentencia:
INSERT INTO Implementacion_de_asamblea(titulo, descripcion, contenido, estado, id_de_votacion, fecha_de_creacion) VALUES(
    'Titulo 13',
    'Descripción 13',
    'Contenido 13',
    'Propuesto',
    '1',
    '2023-01-25 10:30'
);

-- Sentencia:
INSERT INTO Implementacion_de_asamblea(titulo, descripcion, contenido, estado, id_de_votacion, fecha_de_creacion) VALUES(
    'Titulo 14',
    'Descripción 14',
    'Contenido 14',
    'Propuesto',
    '1',
    '2023-01-25 10:30'
);

-- Sentencia:
INSERT INTO Implementacion_de_asamblea(titulo, descripcion, contenido, estado, id_de_votacion, fecha_de_creacion) VALUES(
    'Titulo 15',
    'Descripción 15',
    'Contenido 15',
    'Propuesto',
    '1',
    '2023-01-25 10:30'
);

-- Sentencia:
INSERT INTO Implementacion_de_asamblea(titulo, descripcion, contenido, estado, id_de_votacion, fecha_de_creacion) VALUES(
    'Titulo 16',
    'Descripción 16',
    'Contenido 16',
    'Propuesto',
    '1',
    '2023-01-25 10:30'
);

-- Sentencia:
INSERT INTO Implementacion_de_asamblea(titulo, descripcion, contenido, estado, id_de_votacion, fecha_de_creacion) VALUES(
    'Titulo 17',
    'Descripción 17',
    'Contenido 17',
    'Propuesto',
    '1',
    '2023-01-25 10:30'
);

-- Sentencia:
INSERT INTO Implementacion_de_asamblea(titulo, descripcion, contenido, estado, id_de_votacion, fecha_de_creacion) VALUES(
    'Titulo 18',
    'Descripción 18',
    'Contenido 18',
    'Propuesto',
    '1',
    '2023-01-25 10:30'
);

-- Sentencia:
INSERT INTO Implementacion_de_asamblea(titulo, descripcion, contenido, estado, id_de_votacion, fecha_de_creacion) VALUES(
    'Titulo 19',
    'Descripción 19',
    'Contenido 19',
    'Propuesto',
    '1',
    '2023-01-25 10:30'
);

-- Sentencia:
INSERT INTO Implementacion_de_asamblea(titulo, descripcion, contenido, estado, id_de_votacion, fecha_de_creacion) VALUES(
    'Titulo 20',
    'Descripción 20',
    'Contenido 20',
    'Propuesto',
    '1',
    '2023-01-25 10:30'
);

-- Sentencia:
INSERT INTO Implementacion_de_asamblea(titulo, descripcion, contenido, estado, id_de_votacion, fecha_de_creacion) VALUES(
    'Titulo 21',
    'Descripción 21',
    'Contenido 21',
    'Propuesto',
    '1',
    '2023-01-25 10:30'
);

-- Sentencia:
INSERT INTO Implementacion_de_asamblea(titulo, descripcion, contenido, estado, id_de_votacion, fecha_de_creacion) VALUES(
    'Titulo 22',
    'Descripción 22',
    'Contenido 22',
    'Propuesto',
    '1',
    '2023-01-25 10:30'
);

-- Sentencia:
INSERT INTO Implementacion_de_asamblea(titulo, descripcion, contenido, estado, id_de_votacion, fecha_de_creacion) VALUES(
    'Titulo 23',
    'Descripción 23',
    'Contenido 23',
    'Propuesto',
    '1',
    '2023-01-25 10:30'
);

-- Sentencia:
INSERT INTO Implementacion_de_asamblea(titulo, descripcion, contenido, estado, id_de_votacion, fecha_de_creacion) VALUES(
    'Titulo 24',
    'Descripción 24',
    'Contenido 24',
    'Propuesto',
    '1',
    '2023-01-25 10:30'
);

-- Sentencia:
INSERT INTO Implementacion_de_asamblea(titulo, descripcion, contenido, estado, id_de_votacion, fecha_de_creacion) VALUES(
    'Titulo 25',
    'Descripción 25',
    'Contenido 25',
    'Propuesto',
    '1',
    '2023-01-25 10:30'
);

-- Sentencia:
INSERT INTO Implementacion_de_asamblea(titulo, descripcion, contenido, estado, id_de_votacion, fecha_de_creacion) VALUES(
    'Titulo 26',
    'Descripción 26',
    'Contenido 26',
    'Propuesto',
    '1',
    '2023-01-25 10:30'
);

-- Sentencia:
INSERT INTO Implementacion_de_asamblea(titulo, descripcion, contenido, estado, id_de_votacion, fecha_de_creacion) VALUES(
    'Titulo 27',
    'Descripción 27',
    'Contenido 27',
    'Propuesto',
    '1',
    '2023-01-25 10:30'
);

-- Sentencia:
INSERT INTO Implementacion_de_asamblea(titulo, descripcion, contenido, estado, id_de_votacion, fecha_de_creacion) VALUES(
    'Titulo 28',
    'Descripción 28',
    'Contenido 28',
    'Propuesto',
    '1',
    '2023-01-25 10:30'
);

-- Sentencia:
INSERT INTO Implementacion_de_asamblea(titulo, descripcion, contenido, estado, id_de_votacion, fecha_de_creacion) VALUES(
    'Titulo 29',
    'Descripción 29',
    'Contenido 29',
    'Propuesto',
    '1',
    '2023-01-25 10:30'
);

-- Sentencia:
INSERT INTO Implementacion_de_asamblea(titulo, descripcion, contenido, estado, id_de_votacion, fecha_de_creacion) VALUES(
    'Titulo 30',
    'Descripción 30',
    'Contenido 30',
    'Propuesto',
    '1',
    '2023-01-25 10:30'
);

-- Sentencia:
INSERT INTO Implementacion_de_asamblea(titulo, descripcion, contenido, estado, id_de_votacion, fecha_de_creacion) VALUES(
    'Titulo 31',
    'Descripción 31',
    'Contenido 31',
    'Propuesto',
    '1',
    '2023-01-25 10:30'
);

-- Sentencia:
INSERT INTO Implementacion_de_asamblea(titulo, descripcion, contenido, estado, id_de_votacion, fecha_de_creacion) VALUES(
    'Titulo 32',
    'Descripción 32',
    'Contenido 32',
    'Propuesto',
    '1',
    '2023-01-25 10:30'
);

-- Sentencia:
INSERT INTO Implementacion_de_asamblea(titulo, descripcion, contenido, estado, id_de_votacion, fecha_de_creacion) VALUES(
    'Titulo 33',
    'Descripción 33',
    'Contenido 33',
    'Propuesto',
    '1',
    '2023-01-25 10:30'
);

-- Sentencia:
INSERT INTO Implementacion_de_asamblea(titulo, descripcion, contenido, estado, id_de_votacion, fecha_de_creacion) VALUES(
    'Titulo 34',
    'Descripción 34',
    'Contenido 34',
    'Propuesto',
    '1',
    '2023-01-25 10:30'
);

-- Sentencia:
INSERT INTO Implementacion_de_asamblea(titulo, descripcion, contenido, estado, id_de_votacion, fecha_de_creacion) VALUES(
    'Titulo 35',
    'Descripción 35',
    'Contenido 35',
    'Propuesto',
    '1',
    '2023-01-25 10:30'
);

-- Sentencia:
INSERT INTO Implementacion_de_asamblea(titulo, descripcion, contenido, estado, id_de_votacion, fecha_de_creacion) VALUES(
    'Titulo 36',
    'Descripción 36',
    'Contenido 36',
    'Propuesto',
    '1',
    '2023-01-25 10:30'
);

-- Sentencia:
INSERT INTO Implementacion_de_asamblea(titulo, descripcion, contenido, estado, id_de_votacion, fecha_de_creacion) VALUES(
    'Titulo 37',
    'Descripción 37',
    'Contenido 37',
    'Propuesto',
    '1',
    '2023-01-25 10:30'
);

-- Sentencia:
INSERT INTO Implementacion_de_asamblea(titulo, descripcion, contenido, estado, id_de_votacion, fecha_de_creacion) VALUES(
    'Titulo 38',
    'Descripción 38',
    'Contenido 38',
    'Propuesto',
    '1',
    '2023-01-25 10:30'
);

-- Sentencia:
INSERT INTO Implementacion_de_asamblea(titulo, descripcion, contenido, estado, id_de_votacion, fecha_de_creacion) VALUES(
    'Titulo 39',
    'Descripción 39',
    'Contenido 39',
    'Propuesto',
    '1',
    '2023-01-25 10:30'
);

-- Sentencia:
INSERT INTO Implementacion_de_asamblea(titulo, descripcion, contenido, estado, id_de_votacion, fecha_de_creacion) VALUES(
    'Titulo 40',
    'Descripción 40',
    'Contenido 40',
    'Propuesto',
    '1',
    '2023-01-25 10:30'
);

-- Sentencia:
INSERT INTO Implementacion_de_asamblea(titulo, descripcion, contenido, estado, id_de_votacion, fecha_de_creacion) VALUES(
    'Titulo 41',
    'Descripción 41',
    'Contenido 41',
    'Propuesto',
    '1',
    '2023-01-25 10:30'
);

-- Sentencia:
INSERT INTO Implementacion_de_asamblea(titulo, descripcion, contenido, estado, id_de_votacion, fecha_de_creacion) VALUES(
    'Titulo 42',
    'Descripción 42',
    'Contenido 42',
    'Propuesto',
    '1',
    '2023-01-25 10:30'
);

-- Sentencia:
INSERT INTO Implementacion_de_asamblea(titulo, descripcion, contenido, estado, id_de_votacion, fecha_de_creacion) VALUES(
    'Titulo 43',
    'Descripción 43',
    'Contenido 43',
    'Propuesto',
    '1',
    '2023-01-25 10:30'
);

-- Sentencia:
INSERT INTO Implementacion_de_asamblea(titulo, descripcion, contenido, estado, id_de_votacion, fecha_de_creacion) VALUES(
    'Titulo 44',
    'Descripción 44',
    'Contenido 44',
    'Propuesto',
    '1',
    '2023-01-25 10:30'
);

-- Sentencia:
INSERT INTO Implementacion_de_asamblea(titulo, descripcion, contenido, estado, id_de_votacion, fecha_de_creacion) VALUES(
    'Titulo 45',
    'Descripción 45',
    'Contenido 45',
    'Propuesto',
    '1',
    '2023-01-25 10:30'
);

-- Sentencia:
INSERT INTO Implementacion_de_asamblea(titulo, descripcion, contenido, estado, id_de_votacion, fecha_de_creacion) VALUES(
    'Titulo 46',
    'Descripción 46',
    'Contenido 46',
    'Propuesto',
    '1',
    '2023-01-25 10:30'
);

-- Sentencia:
INSERT INTO Implementacion_de_asamblea(titulo, descripcion, contenido, estado, id_de_votacion, fecha_de_creacion) VALUES(
    'Titulo 47',
    'Descripción 47',
    'Contenido 47',
    'Propuesto',
    '1',
    '2023-01-25 10:30'
);

-- Sentencia:
INSERT INTO Implementacion_de_asamblea(titulo, descripcion, contenido, estado, id_de_votacion, fecha_de_creacion) VALUES(
    'Titulo 48',
    'Descripción 48',
    'Contenido 48',
    'Propuesto',
    '1',
    '2023-01-25 10:30'
);

-- Sentencia:
INSERT INTO Implementacion_de_asamblea(titulo, descripcion, contenido, estado, id_de_votacion, fecha_de_creacion) VALUES(
    'Titulo 49',
    'Descripción 49',
    'Contenido 49',
    'Propuesto',
    '1',
    '2023-01-25 10:30'
);

-- Sentencia:
INSERT INTO Implementacion_de_asamblea(titulo, descripcion, contenido, estado, id_de_votacion, fecha_de_creacion) VALUES(
    'Titulo 50',
    'Descripción 50',
    'Contenido 50',
    'Propuesto',
    '1',
    '2023-01-25 10:30'
);

-- Sentencia:
INSERT INTO Implementacion_de_asamblea(titulo, descripcion, contenido, estado, id_de_votacion, fecha_de_creacion) VALUES(
    'Titulo 51',
    'Descripción 51',
    'Contenido 51',
    'Propuesto',
    '1',
    '2023-01-25 10:30'
);

-- Sentencia:
INSERT INTO Implementacion_de_asamblea(titulo, descripcion, contenido, estado, id_de_votacion, fecha_de_creacion) VALUES(
    'Titulo 52',
    'Descripción 52',
    'Contenido 52',
    'Propuesto',
    '1',
    '2023-01-25 10:30'
);

-- Sentencia:
INSERT INTO Implementacion_de_asamblea(titulo, descripcion, contenido, estado, id_de_votacion, fecha_de_creacion) VALUES(
    'Titulo 53',
    'Descripción 53',
    'Contenido 53',
    'Propuesto',
    '1',
    '2023-01-25 10:30'
);

-- Sentencia:
INSERT INTO Implementacion_de_asamblea(titulo, descripcion, contenido, estado, id_de_votacion, fecha_de_creacion) VALUES(
    'Titulo 54',
    'Descripción 54',
    'Contenido 54',
    'Propuesto',
    '1',
    '2023-01-25 10:30'
);

-- Sentencia:
INSERT INTO Implementacion_de_asamblea(titulo, descripcion, contenido, estado, id_de_votacion, fecha_de_creacion) VALUES(
    'Titulo 55',
    'Descripción 55',
    'Contenido 55',
    'Propuesto',
    '1',
    '2023-01-25 10:30'
);

-- Sentencia:
INSERT INTO Implementacion_de_asamblea(titulo, descripcion, contenido, estado, id_de_votacion, fecha_de_creacion) VALUES(
    'Titulo 56',
    'Descripción 56',
    'Contenido 56',
    'Propuesto',
    '1',
    '2023-01-25 10:30'
);

-- Sentencia:
INSERT INTO Implementacion_de_asamblea(titulo, descripcion, contenido, estado, id_de_votacion, fecha_de_creacion) VALUES(
    'Titulo 57',
    'Descripción 57',
    'Contenido 57',
    'Propuesto',
    '1',
    '2023-01-25 10:30'
);

-- Sentencia:
INSERT INTO Implementacion_de_asamblea(titulo, descripcion, contenido, estado, id_de_votacion, fecha_de_creacion) VALUES(
    'Titulo 58',
    'Descripción 58',
    'Contenido 58',
    'Propuesto',
    '1',
    '2023-01-25 10:30'
);

-- Sentencia:
INSERT INTO Implementacion_de_asamblea(titulo, descripcion, contenido, estado, id_de_votacion, fecha_de_creacion) VALUES(
    'Titulo 59',
    'Descripción 59',
    'Contenido 59',
    'Propuesto',
    '1',
    '2023-01-25 10:30'
);

-- Sentencia:
INSERT INTO Implementacion_de_asamblea(titulo, descripcion, contenido, estado, id_de_votacion, fecha_de_creacion) VALUES(
    'Titulo 60',
    'Descripción 60',
    'Contenido 60',
    'Propuesto',
    '1',
    '2023-01-25 10:30'
);

-- Sentencia:
INSERT INTO Implementacion_de_asamblea(titulo, descripcion, contenido, estado, id_de_votacion, fecha_de_creacion) VALUES(
    'Titulo 61',
    'Descripción 61',
    'Contenido 61',
    'Propuesto',
    '1',
    '2023-01-25 10:30'
);

-- Sentencia:
INSERT INTO Implementacion_de_asamblea(titulo, descripcion, contenido, estado, id_de_votacion, fecha_de_creacion) VALUES(
    'Titulo 62',
    'Descripción 62',
    'Contenido 62',
    'Propuesto',
    '1',
    '2023-01-25 10:30'
);

-- Sentencia:
INSERT INTO Implementacion_de_asamblea(titulo, descripcion, contenido, estado, id_de_votacion, fecha_de_creacion) VALUES(
    'Titulo 63',
    'Descripción 63',
    'Contenido 63',
    'Propuesto',
    '1',
    '2023-01-25 10:30'
);

-- Sentencia:
INSERT INTO Implementacion_de_asamblea(titulo, descripcion, contenido, estado, id_de_votacion, fecha_de_creacion) VALUES(
    'Titulo 64',
    'Descripción 64',
    'Contenido 64',
    'Propuesto',
    '1',
    '2023-01-25 10:30'
);

-- Sentencia:
INSERT INTO Implementacion_de_asamblea(titulo, descripcion, contenido, estado, id_de_votacion, fecha_de_creacion) VALUES(
    'Titulo 65',
    'Descripción 65',
    'Contenido 65',
    'Propuesto',
    '1',
    '2023-01-25 10:30'
);

-- Sentencia:
INSERT INTO Implementacion_de_asamblea(titulo, descripcion, contenido, estado, id_de_votacion, fecha_de_creacion) VALUES(
    'Titulo 66',
    'Descripción 66',
    'Contenido 66',
    'Propuesto',
    '1',
    '2023-01-25 10:30'
);

-- Sentencia:
INSERT INTO Implementacion_de_asamblea(titulo, descripcion, contenido, estado, id_de_votacion, fecha_de_creacion) VALUES(
    'Titulo 67',
    'Descripción 67',
    'Contenido 67',
    'Propuesto',
    '1',
    '2023-01-25 10:30'
);

-- Sentencia:
INSERT INTO Implementacion_de_asamblea(titulo, descripcion, contenido, estado, id_de_votacion, fecha_de_creacion) VALUES(
    'Titulo 68',
    'Descripción 68',
    'Contenido 68',
    'Propuesto',
    '1',
    '2023-01-25 10:30'
);

-- Sentencia:
INSERT INTO Implementacion_de_asamblea(titulo, descripcion, contenido, estado, id_de_votacion, fecha_de_creacion) VALUES(
    'Titulo 69',
    'Descripción 69',
    'Contenido 69',
    'Propuesto',
    '1',
    '2023-01-25 10:30'
);

-- Sentencia:
INSERT INTO Implementacion_de_asamblea(titulo, descripcion, contenido, estado, id_de_votacion, fecha_de_creacion) VALUES(
    'Titulo 70',
    'Descripción 70',
    'Contenido 70',
    'Propuesto',
    '1',
    '2023-01-25 10:30'
);

-- Sentencia:
INSERT INTO Implementacion_de_asamblea(titulo, descripcion, contenido, estado, id_de_votacion, fecha_de_creacion) VALUES(
    'Titulo 71',
    'Descripción 71',
    'Contenido 71',
    'Propuesto',
    '1',
    '2023-01-25 10:30'
);

-- Sentencia:
INSERT INTO Implementacion_de_asamblea(titulo, descripcion, contenido, estado, id_de_votacion, fecha_de_creacion) VALUES(
    'Titulo 72',
    'Descripción 72',
    'Contenido 72',
    'Propuesto',
    '1',
    '2023-01-25 10:30'
);

-- Sentencia:
INSERT INTO Implementacion_de_asamblea(titulo, descripcion, contenido, estado, id_de_votacion, fecha_de_creacion) VALUES(
    'Titulo 73',
    'Descripción 73',
    'Contenido 73',
    'Propuesto',
    '1',
    '2023-01-25 10:30'
);

-- Sentencia:
INSERT INTO Implementacion_de_asamblea(titulo, descripcion, contenido, estado, id_de_votacion, fecha_de_creacion) VALUES(
    'Titulo 74',
    'Descripción 74',
    'Contenido 74',
    'Propuesto',
    '1',
    '2023-01-25 10:30'
);

-- Sentencia:
INSERT INTO Implementacion_de_asamblea(titulo, descripcion, contenido, estado, id_de_votacion, fecha_de_creacion) VALUES(
    'Titulo 75',
    'Descripción 75',
    'Contenido 75',
    'Propuesto',
    '1',
    '2023-01-25 10:30'
);

-- Sentencia:
INSERT INTO Implementacion_de_asamblea(titulo, descripcion, contenido, estado, id_de_votacion, fecha_de_creacion) VALUES(
    'Titulo 76',
    'Descripción 76',
    'Contenido 76',
    'Propuesto',
    '1',
    '2023-01-25 10:30'
);

-- Sentencia:
INSERT INTO Implementacion_de_asamblea(titulo, descripcion, contenido, estado, id_de_votacion, fecha_de_creacion) VALUES(
    'Titulo 77',
    'Descripción 77',
    'Contenido 77',
    'Propuesto',
    '1',
    '2023-01-25 10:30'
);

-- Sentencia:
INSERT INTO Implementacion_de_asamblea(titulo, descripcion, contenido, estado, id_de_votacion, fecha_de_creacion) VALUES(
    'Titulo 78',
    'Descripción 78',
    'Contenido 78',
    'Propuesto',
    '1',
    '2023-01-25 10:30'
);

-- Sentencia:
INSERT INTO Implementacion_de_asamblea(titulo, descripcion, contenido, estado, id_de_votacion, fecha_de_creacion) VALUES(
    'Titulo 79',
    'Descripción 79',
    'Contenido 79',
    'Propuesto',
    '1',
    '2023-01-25 10:30'
);

-- Sentencia:
INSERT INTO Implementacion_de_asamblea(titulo, descripcion, contenido, estado, id_de_votacion, fecha_de_creacion) VALUES(
    'Titulo 80',
    'Descripción 80',
    'Contenido 80',
    'Propuesto',
    '1',
    '2023-01-25 10:30'
);

-- Sentencia:
INSERT INTO Implementacion_de_asamblea(titulo, descripcion, contenido, estado, id_de_votacion, fecha_de_creacion) VALUES(
    'Titulo 81',
    'Descripción 81',
    'Contenido 81',
    'Propuesto',
    '1',
    '2023-01-25 10:30'
);

-- Sentencia:
INSERT INTO Implementacion_de_asamblea(titulo, descripcion, contenido, estado, id_de_votacion, fecha_de_creacion) VALUES(
    'Titulo 82',
    'Descripción 82',
    'Contenido 82',
    'Propuesto',
    '1',
    '2023-01-25 10:30'
);

-- Sentencia:
INSERT INTO Implementacion_de_asamblea(titulo, descripcion, contenido, estado, id_de_votacion, fecha_de_creacion) VALUES(
    'Titulo 83',
    'Descripción 83',
    'Contenido 83',
    'Propuesto',
    '1',
    '2023-01-25 10:30'
);

-- Sentencia:
INSERT INTO Implementacion_de_asamblea(titulo, descripcion, contenido, estado, id_de_votacion, fecha_de_creacion) VALUES(
    'Titulo 84',
    'Descripción 84',
    'Contenido 84',
    'Propuesto',
    '1',
    '2023-01-25 10:30'
);

-- Sentencia:
INSERT INTO Implementacion_de_asamblea(titulo, descripcion, contenido, estado, id_de_votacion, fecha_de_creacion) VALUES(
    'Titulo 85',
    'Descripción 85',
    'Contenido 85',
    'Propuesto',
    '1',
    '2023-01-25 10:30'
);

-- Sentencia:
INSERT INTO Implementacion_de_asamblea(titulo, descripcion, contenido, estado, id_de_votacion, fecha_de_creacion) VALUES(
    'Titulo 86',
    'Descripción 86',
    'Contenido 86',
    'Propuesto',
    '1',
    '2023-01-25 10:30'
);

-- Sentencia:
INSERT INTO Implementacion_de_asamblea(titulo, descripcion, contenido, estado, id_de_votacion, fecha_de_creacion) VALUES(
    'Titulo 87',
    'Descripción 87',
    'Contenido 87',
    'Propuesto',
    '1',
    '2023-01-25 10:30'
);

-- Sentencia:
INSERT INTO Implementacion_de_asamblea(titulo, descripcion, contenido, estado, id_de_votacion, fecha_de_creacion) VALUES(
    'Titulo 88',
    'Descripción 88',
    'Contenido 88',
    'Propuesto',
    '1',
    '2023-01-25 10:30'
);

-- Sentencia:
INSERT INTO Implementacion_de_asamblea(titulo, descripcion, contenido, estado, id_de_votacion, fecha_de_creacion) VALUES(
    'Titulo 89',
    'Descripción 89',
    'Contenido 89',
    'Propuesto',
    '1',
    '2023-01-25 10:30'
);

-- Sentencia:
INSERT INTO Implementacion_de_asamblea(titulo, descripcion, contenido, estado, id_de_votacion, fecha_de_creacion) VALUES(
    'Titulo 90',
    'Descripción 90',
    'Contenido 90',
    'Propuesto',
    '1',
    '2023-01-25 10:30'
);

-- Sentencia:
INSERT INTO Implementacion_de_asamblea(titulo, descripcion, contenido, estado, id_de_votacion, fecha_de_creacion) VALUES(
    'Titulo 91',
    'Descripción 91',
    'Contenido 91',
    'Propuesto',
    '1',
    '2023-01-25 10:30'
);

-- Sentencia:
INSERT INTO Implementacion_de_asamblea(titulo, descripcion, contenido, estado, id_de_votacion, fecha_de_creacion) VALUES(
    'Titulo 92',
    'Descripción 92',
    'Contenido 92',
    'Propuesto',
    '1',
    '2023-01-25 10:30'
);

-- Sentencia:
INSERT INTO Implementacion_de_asamblea(titulo, descripcion, contenido, estado, id_de_votacion, fecha_de_creacion) VALUES(
    'Titulo 93',
    'Descripción 93',
    'Contenido 93',
    'Propuesto',
    '1',
    '2023-01-25 10:30'
);

-- Sentencia:
INSERT INTO Implementacion_de_asamblea(titulo, descripcion, contenido, estado, id_de_votacion, fecha_de_creacion) VALUES(
    'Titulo 94',
    'Descripción 94',
    'Contenido 94',
    'Propuesto',
    '1',
    '2023-01-25 10:30'
);

-- Sentencia:
INSERT INTO Implementacion_de_asamblea(titulo, descripcion, contenido, estado, id_de_votacion, fecha_de_creacion) VALUES(
    'Titulo 95',
    'Descripción 95',
    'Contenido 95',
    'Propuesto',
    '1',
    '2023-01-25 10:30'
);

-- Sentencia:
INSERT INTO Implementacion_de_asamblea(titulo, descripcion, contenido, estado, id_de_votacion, fecha_de_creacion) VALUES(
    'Titulo 96',
    'Descripción 96',
    'Contenido 96',
    'Propuesto',
    '1',
    '2023-01-25 10:30'
);

-- Sentencia:
INSERT INTO Implementacion_de_asamblea(titulo, descripcion, contenido, estado, id_de_votacion, fecha_de_creacion) VALUES(
    'Titulo 97',
    'Descripción 97',
    'Contenido 97',
    'Propuesto',
    '1',
    '2023-01-25 10:30'
);

-- Sentencia:
INSERT INTO Implementacion_de_asamblea(titulo, descripcion, contenido, estado, id_de_votacion, fecha_de_creacion) VALUES(
    'Titulo 98',
    'Descripción 98',
    'Contenido 98',
    'Propuesto',
    '1',
    '2023-01-25 10:30'
);

-- Sentencia:
INSERT INTO Implementacion_de_asamblea(titulo, descripcion, contenido, estado, id_de_votacion, fecha_de_creacion) VALUES(
    'Titulo 99',
    'Descripción 99',
    'Contenido 99',
    'Propuesto',
    '1',
    '2023-01-25 10:30'
);
